prompt,answer
In which novel by Charles Dickens do the characters Susan Nipper and Captain Cuttle appear? Dombey and Son.,Dombey and Son
Which former World Heavyweight boxing champion was nicknamed the 'Cinderella Man'? James J. Braddock.,James J. Braddock
What is the collective name of the four holy books of the Hindu religion? Vedas.,Vedas
What was the given Christian name of the fashion designer 'Coco' Chanel? Gabrielle.,Gabrielle
Upon which author's best-selling novel was the film 'Psycho' based? Robert Bloch.,Robert Bloch
Leporello is a principal character in which opera? Don Giovanni.,Don Giovanni
"Which actor, (the eighth Doctor Who) played the role just once in a 1996 TV movie? Paul McGann.",Paul McGann
Who managed England during the 1982 World Cup? Ron Greenwood.,Ron Greenwood
Which English king was married to Philippa of Hainault? Edward III.,Edward III
"Led for 3 days by veteran Tom Watson, who finally won the 2009 Open Golf Championship? Stewart Cink.",Stewart Cink
Which opera contains the famous Anvil Chorus in its second act? Il Trovatore.,Il Trovatore
The Haworth Art Gallery is located in which Lancashire town? Accrington.,Accrington
"Which painter, who reputedly sold only one work in his lifetime, had an art dealer brother called Theo? Vincent van Gogh.",Vincent van Gogh
"Who was the valet of Prince Romiro in Rossini's opera La Cenerentola, also a well-known pantomime character? Dandini.",Dandini
"In the Sikh religion, what name is given to the Holy Book ontaining the teachings of the gurus? The Guru Granth Sahib.",The Guru Granth Sahib
Who was the author of the best-selling novel on which the film The Exorcist was based? William Peter Blatty.,William Peter Blatty
Who is the patron saint of dancers and comedians? St Vitus.,St Vitus
Who starred in the title role of the boxing movie 'The Cinderella Man'? Russell Crowe.,Russell Crowe
In which Dickens novel do the characters Thomas Traddles and James Steerforth appear? David Copperfield.,David Copperfield
Which city was selected in 2009 as the venue for the 2016 Olympic games? Rio de Janeiro.,Rio de Janeiro
"Buried in neither Westminster nor Windsor, where is the tomb of Edward II? Gloucester Cathedral.",Gloucester Cathedral
Savernake Forest is located in which English county? Wiltshire.,Wiltshire
"In the Old Testament, who lived in the land of Uz? Job.",Job
Vivaldi's 'Four Seasons' are 4 concertos for which instrument? Violin.,Violin
'Eleanor Rigby' and 'Yellow Submarine' first appeared on which Beatles album of 1966? Revolver.,Revolver
Who wrote the 2005 bestseller 'The Shadow of the Wind' set in post Spanish Civil War Barcelona? Carlos Ruiz Zafon.,Carlos Ruiz Zafon
"John Adams, 2nd President of the USA, was the delegate to the Continental Congress for which American state? Massachusetts.",Massachusetts
Which was the last country to join the G8 in 1997 (changing the G7 to G8)? Russia.,Russia
Who hosted the 2010 ICC World Twenty20 Tournament? West Indies.,West Indies
The 2009 film 'Nowhere Boy' concerns the teenage years of which singer? John Lennon.,John Lennon
"Which author said 'Probably the Battle of Waterloo was won on the playing fields of Eton, but the opening battles of all subsequent wars have been lost there'? George Orwell.",George Orwell
Which actress is married to Taylor Hackford? Helen Mirren.,Helen Mirren
Who is the TESCO boss who recently announced his intention to retire? Sir Terry Leahy.,Sir Terry Leahy
In Marvel Comics which God is the alter ego of Donald Blake? Thor.,Thor
Who directed the 2004 Oscar winning film 'The Lord of the Rings: The Return of the King'? Peter Jackson.,Peter Jackson
What is the highest number that is a common factor (HCF) of 32 and 48? 16.,16
Rachmaninov's 'Rhapsody on a theme of Paganini' is a work for which solo instrument and orchestra? Piano.,Piano
'Yesterday' and 'Ticket to Ride' first appeared on which Beatles album of 1965? Help!.,Help!
Who wrote the 2006 best seller 'The Book Thief' set in Munich during World War II? Markus Zusak.,Markus Zusak
In Edinburgh what name is given to the streets that link the Castle with Holyrood Palace? The Royal Mile.,The Royal Mile
"Thomas Jefferson, 3rd President of the USA, was the delegate to the Continental Congress for which American state? Virginia.",Virginia
In which country will the 2011 Rugby Union World Cup be held? New Zealand.,New Zealand
The 2009 film `Inglourious Basterds' is set during which conflict? World War II.,World War II
Who is the BP Chief Executive recently quizzed by the US Congress? Tony Hayward.,Tony Hayward
"Beaune, Nuits St George and Chambertin are wines from which French wine region? Burgundy.",Burgundy
In a 2010 film Percy Jackson is the son of which Greek God? Poseidon.,Poseidon
What is the capital of the French region of Brittany? Rennes.,Rennes
Which group from Teignmouth has issued albums 'Black Holes & Revelations' and 'The Resistance' Muse.,Muse
Taraxacum spp is the Latin name for which genus of common wild garden plant? Dandelion.,Dandelion
What colour is the artist's colour called vermillion? Red.,Red
Catherine Morland is a leading character in which novel? Northanger Abbey.,Northanger Abbey
In which city is Da Vinci's Last Supper on display? Milan.,Milan
Which group from Abingdon has issued albums 'Hail to the thief and 'In Rainbows'? Radiohead.,Radiohead
The French Football Ligue 1 team Marseille have which other name in their title? Olympique.,Olympique
Who wrote the lyrics and music for A Little Night Music? Stephen Sondheim.,Stephen Sondheim
Rumex spp is the Latin name for which genus of common wild garden plant? Dock.,Dock
"Who played the male lead in the 1958 film 'Bell, Book & Candle'? James Stewart.",James Stewart
In the abbrevation CAFOD - for what does the 'O' stand? Overseas.,Overseas
In Greek mythology who is the Goddess of Strife? Eris.,Eris
Which artist married Saskia van Uylenburg in 1634? Rembrandt van Rijn.,Rembrandt van Rijn
Grupo Modelo and Femsit are the two major brewing companies in which country? Mexico.,Mexico
"Brad Pitt plays the part of Benjamin Button on film, who wrote the book on which the film is based? F. Scott Fitzgerald.",F. Scott Fitzgerald
Which company was founded in 1998 by the merger of Grand Metropolitan and Guinness? Diageo.,Diageo
"Many cities, including Sofia, Tallinn, St Petersburg, Warsaw, Jerusalem and Belgrade, have cathedrals dedicated to which Russian saint? St Alexander Nevsky.",St Alexander Nevsky
The Oscar winning film 'Aviator' was about which man? Howard Hughes.,Howard Hughes
"In which city would you find the following; Aventine, Caelian, Capitoline, Esquiline, Palatine, Quirinal and Viminal? Rome.",Rome
Who had a no. 1 hit in 2005 with the song 'You 're Beautiful'? James Blunt.,James Blunt
The words 'defend the children of the poor and punish the wrongdoer' are carved on the wall of which London building? The Old Bailey.,The Old Bailey
"""Whose novel """"The Original of Laura"""" has finally been published 32 years after his death?"" Vladimir Nabokov.",Vladimir Nabokov
In which sport was the 'Gordon Bennett Cup' contested? Motor racing.,Motor racing
Which private detective last appeared in the 1959 novel `Playback'? Philip Marlowe.,Philip Marlowe
Which artist (1844-1910) painted many jungle scenes (although he never left France) and landscapes of Paris? Henri Rousseau.,Henri Rousseau
In which country did the 'Carnation Revolution' take place in 1934? Portugal.,Portugal
"Which German City was once head of the Hanseatic League, and is known for its marzipan? Lübeck.",Lübeck
"Name Frank Sinatra's Oscar winning song from the 1959 movie, `A Hole in the Head'. High Hopes.",High Hopes
"Which character was the most famous creation of cartoon film animator, Walter Lantz? Woody Woodpecker.",Woody Woodpecker
The Spanish drink calimocho consists of red wine mixed with what? Cola.,Cola
Which newspaper introduced the Sudoku Puzzle to the UK in 2004? The Times.,The Times
Who composed the opera 'The Rape of Lucretia'? Benjamin Britten.,Benjamin Britten
"In the Scottish Football League, in which City do St Johnstone play their home matches? Perth.",Perth
Name the Prime Minister of Australia from 1968 to 1971 who fostered Australia's involvement in the Vietnam War? John Gorton.,John Gorton
In which film did Sean Connery play Franciscan Friar William of Baskerville? The name of the rose.,The name of the rose
The name of which European capital translates into English as 'Log Island'? Stockholm.,Stockholm
Name the Oscar winning song from Mary Poppins? Chim Chim Cher-ee.,Chim Chim Cher-ee
In which famous school was the game of squash invented in the 20th century? Harrow School.,Harrow School
"The headquarters of Interpol are in which city? Lyon, France.","Lyon, France"
"In the Republic of Ireland, in which town or city are the administrative HQ for the County of Kerry? Tralee.",Tralee
In which city is the novel and film 'Saturday Night and Sunday Morning' set? Nottingham.,Nottingham
Who composed the opera `Bluebeards Castle? Béla Bartók.,Béla Bartók
What is the name of the chief island of the Seychelles? Mahe.,Mahe
Which movie musical with songs by Tom Watts and Crystal Gayle did Francis Ford Coppola direct? One from the heart.,One from the heart
The motor racing circuit of Mallory Park is in which county? Leicestershire.,Leicestershire
The Rodgers and Hart musical 'The Boys from Syracuse' is based on which Shakespeare play? The Comedy of Errors.,The Comedy of Errors
Of which country is Vaclav Klaus the current President? Czech Republic.,Czech Republic
"Name the science fiction author of 'I, Robot'. Isaac Asimov.",Isaac Asimov
On which horse-racing track is the Rowley Mile? Newmarket.,Newmarket
"In the term ESOL, for what does the O stand? Other.",Other
Who was the founder of the Sikh religion? Guru Nanak.,Guru Nanak
Who was the creator of the TV comedy series Last of the Summer Wine? Roy Clarke.,Roy Clarke
"Name the landlocked country which has borders with Kosovo, Serbia, Bulgaria, Greece and Albania. Macedonia.",Macedonia
"Who was the author of the literary work 'A Mask presented at Ludlow Castle, 1634' a work more commonly known as 'Comus'? John Milton.",John Milton
The motor racing circuit of Thruxton is in which county? Hampshire.,Hampshire
Which horse-racing track is at Prestbury Park? Cheltenham.,Cheltenham
Who was appointed captain of the US golf team for the 2010 Ryder Cup? Corey Pavin.,Corey Pavin
In the term NIACE for what does the A stand? Adult.,Adult
Dick Swiveller is a character in which Dickens novel? The Old Curiosity Shop.,The Old Curiosity Shop
By what name is the medical term epistaxis more commonly known? Nosebleed.,Nosebleed
In which year did Rudolf Nureyev defect to the West? 1961.,1961
"Which European country has land borders with Austria, Hungary, Italy and Croatia? Slovenia.",Slovenia
"In information technology, for what does the L stand in LAN? Local.",Local
Limestone is classed as which of the three main rock types? Sedimentary.,Sedimentary
Which concert venue is the home of the Northern Sinfonia? The Sage Gateshead.,The Sage Gateshead
Who was the founder and first Artistic Director of the Royal Ballet? Ninette de Valois.,Ninette de Valois
What is the nationality of record-breaking sprinter Usain Bolt? Jamaican.,Jamaican
Which sporting event traces its roots to a match between Britain and the US at Gleneagles in 1921? Ryder Cup.,Ryder Cup
Which stage musical features The Lambeth Walk and Leaning on a Lamp Post? Me and My Girl.,Me and My Girl
"""Which tennis player won the """"golden grand slam"""" of all four grand slam titles and an Olympic Gold in 1986?"" Steffi Graf.",Steffi Graf
Which common wildflower has the Latin name Bellis Perennis? Daisy.,Daisy
Who is declared King at the end of Macbeth? Malcolm.,Malcolm
To which order of mammals does the lemur belong? Primates.,Primates
The TV series The Wire was set in which US city? Baltimore.,Baltimore
With which trade is Hatton Garden in London traditionally associated? Jewellery.,Jewellery
"Which chemical element, atomic number 51, used to be called Stibium? Antimony.",Antimony
What is the nationality of Paralympic sprinter Oscar Pistorius? South African.,South African
In which US city was the original TV series CSI based? Las Vegas.,Las Vegas
Which English football league club play their home games at Boundary Park? Oldham Athletic.,Oldham Athletic
Which common wildflowers belong to the Galanthus family? Snowdrops.,Snowdrops
"In mobile phone technology, for what does the G stand in 3G? Generation.",Generation
"Who painted Diana and Actaeon, acquired for the nation by the National Gallery and National Gallery of Scotland in 2009? Titian.",Titian
"In geometry, how many vertices has a cube? 8.",8
Paper sizes are usually designated by the prefix A - what prefix do envelope sizes have? C.,C
In which film of 1995 did Robert De Niro and Al Pacino appear on screen together for the first time? Heat.,Heat
What is the capital of the Canadian province of British Columbia? Victoria.,Victoria
Which 3 letter word beginning with S has the longest entry in the Oxford English Dictionary (2nd edition)? Set.,Set
Daniel Arap Moi became president of which country in 1978 on the death of the country's first president? Kenya.,Kenya
Which famous scientist married his cousin Emma Wedgwood? Charles Darwin.,Charles Darwin
How are `Mistress Ford' and `Mistress Page' known in the title of a Shakespeare play? The Merry Wives of Windsor.,The Merry Wives of Windsor
"Prior to World War 2, racing cars were painted in different colours according to which country they represented, what colour were cars representing Germany? Silver.",Silver
What name is given to the small metal discs around the frame of a tambourine? Jingles.,Jingles
Comedo is the medical term for which blemish? Blackhead.,Blackhead
At which battle of 1757 did Robert Clive defeat the Nawab of Bengal? Plassey.,Plassey
Which 19th century writer wrote a collection of stories for children which included 'The Happy Prince' and 'The Selfish Giant'? Oscar Wilde.,Oscar Wilde
"Which British scientist, working at CERN in 1994, developed and launched the World Wide Web? Tim Berners-Lee.",Tim Berners-Lee
What was the name of the car that featured in the TV programme `The Dukes of Hazzard'? The General Lee.,The General Lee
Who composed 'Land of Hope and Glory'? Elgar.,Elgar
In which year was the General Strike in Britain? 1926.,1926
"Whose song, Only Want To Be With You', was the first to be played on 'Top of the Pops'? Dusty Springfield.",Dusty Springfield
'Tucker's Luck' was a spin-off from which children's TV series? Grange Hill.,Grange Hill
Which island is separated from the Scottish mainland by the Sound of Sleat? Skye.,Skye
"In 1964 a song about Heloisa Eneida Menezes Paes Pinto was a big hit around the world, what was its title? The Girl from Ipanema.",The Girl from Ipanema
Elaine Page had a top ten hit in 1981 with which song from the musical 'Cats'? Memory.,Memory
Which jazz singer was accompanied for nearly 30 years by John Chilton's Feetwarmers? George Melly.,George Melly
Which author's first work was 'Babbling April' and his last 'The Tenth Man'? Graham Greene.,Graham Greene
At which battle of 1403 did Henry 'Hotspur' Percy die? Shrewsbury.,Shrewsbury
What name is given to a second full moon in a month? Blue moon.,Blue moon
Whose wife was Queen Adelaide after whom the Australian city is named? William IV.,William IV
Which fashion designer received a Royal Warrant in 1940 as the Queen's dressmaker? Norman Hartnell.,Norman Hartnell
"""Who played Arthur Seaton in the 1960 film """"Saturday Night and Sunday Morning""""?"" Albert Finney.",Albert Finney
What is the first name of the character Ironside played by Raymond Burr? Robert.,Robert
What is the National Flower of Turkey? Tulip.,Tulip
"Which chart topping band is made up of the Followill brothers Caleb, Nathan and Jared and their cousin Matthew? Kings of Leon.",Kings of Leon
In which month of the year is the Super Bowl final played in the USA? February.,February
Who is the TUC General Secretary? Brendan Barber.,Brendan Barber
"""Who wrote the book """"The Ghost"""" released as a film in 2010?"" Robert Harris.",Robert Harris
In which county is Burghley House venue for the Burghley Horse Trials? Lincolnshire.,Lincolnshire
Who is the husband of Harriet Harman who has just been elected as an MP (May 2010)? Jack Dromey.,Jack Dromey
Distilled in the hills of Kentucky since 1795 which brand of Bourbon takes its name from the man who rebuilt the business following prohibition? Jim Beam.,Jim Beam
In which year was construction of the Berlin Wall started? 1961.,1961
In 1961 who was enthroned as the 100th Archbishop of Canterbury? Michael Ramsey.,Michael Ramsey
Whose portrait was painted by the fictional artist Basil Hallward? Dorian Gray.,Dorian Gray
Which TV animated series features the comedic antics of Peter and Louis Griffin? Family Guy.,Family Guy
Which county will host the 2016 European Football Championships? France.,France
In 1675 the Rev. John Flamsteed was the first person to hold which position? Astronomer Royal.,Astronomer Royal
"""The 2009 film """"Telstar"""" told the story of which record producer?"" Joe Meek.",Joe Meek
In which US state is Fort Sumter where the first shots were fired in the American Civil War? South Carolina.,South Carolina
According to the book of Revelation on what horse does Death ride? A pale horse.,A pale horse
"Raita is an Indian sauce or dip, what is always used as a base? Yogurt.",Yogurt
Chris Haney who died in June 2010 aged 59 was co-creator of which board game? Trivial Pursuit.,Trivial Pursuit
Which actress star of the film Georgy Girl died in May 2010? Lynn Redgrave.,Lynn Redgrave
What is the name of the mausoleum near Windsor where Queen Victoria and Prince Albert are buried? Frogmore.,Frogmore
Which character did Julia Roberts play in the Steven Spielberg film 'Hook'? Tinkerbell.,Tinkerbell
Which US company has recently taken over Cadbury's? Kraft Foods.,Kraft Foods
On which radio programme has Evan Davis been a regular presenter since April 2008? Today.,Today
Who won the 2010 World Professional Snooker Championship? Neil Robertson.,Neil Robertson
Which Benjamin Britten opera was composed to commemorate the coronation of Queen Elizabeth the Second? Gloriana.,Gloriana
By what name is the medical condition Pertussis more commonly known? Whooping cough.,Whooping cough
Bathsheba Everdene is the female protagonist of which Thomas Hardy novel? Far from the Madding Crowd.,Far from the Madding Crowd
Who wrote the opera 'The Girl of the Golden West'? Puccini.,Puccini
Which musical features the song 'The Rhythm of Life'? Sweet Charity.,Sweet Charity
By what name is vitamin B2 also known? Riboflavin.,Riboflavin
What is the name of the largest of Jupiter's moons? Ganymede.,Ganymede
In which James Bond film does Britt Ekland appear? The Man with the Golden Gun.,The Man with the Golden Gun
Klagenfurt International Airport is located in which country? Austria.,Austria
In which country did the Velvet Revolution of November 1989 take place? Czechoslovakia.,Czechoslovakia
What is the mascot for the 2012 London Paralympic Games called? Mandeville.,Mandeville
"In the Bible, on the road to where did Cleopas encounter Jesus? Emmaus.",Emmaus
"Who is the fictional detective, known as the female James Bond, created by Peter O'Donnell? Modesty Blaise.",Modesty Blaise
In which country did General Jaruzelski impose martial law in 1981? Poland.,Poland
What kind of acid is normally used in a car battery? Sulphuric acid.,Sulphuric acid
Which composer's oratorios include 'The Kingdom' and 'The Dream of Gerontius'? Elgar.,Elgar
Who chaired the 2010 Iraq Inquiry? John Chilcot.,John Chilcot
Which newspaper did Piers Morgan edit from 1995 to 2004? The Daily Mirror.,The Daily Mirror
Which author created the character Simon Templar? Leslie Charteris.,Leslie Charteris
Who in 2007 was appointed Britain's first ever female Home Secretary? Jacqui Smith.,Jacqui Smith
In which Asian country is the resort of Pattaya? Thailand.,Thailand
Which TV series features the Sterling Cooper advertising agency? Mad Men.,Mad Men
What does the acronym SWALK on an envelope mean? Sealed with a loving kiss.,Sealed with a loving kiss
Hydrargyrum is another name for which chemical element? Mercury.,Mercury
Guy Garvey is the lead vocalist of which award-winning Bury-based band? Elbow.,Elbow
In which town or city does the Rugby Union team Ospreys play its home games? Swansea.,Swansea
Name the Dubai tower officially opened in 2010 which is now the world's tallest building. Burj Khalifa.,Burj Khalifa
PH Newby was the winner of the first what in 1969? Booker Prize.,Booker Prize
Who was the Greek god of the winds? Aeolus.,Aeolus
Name the police officer who commanded the operation leading to the shooting of innocent Brazilian Jean Charles de Menezes and who has since been promoted to Deputy Assistant Commissioner. Cressida Dick.,Cressida Dick
"Who deposed Richard II in 1399, succeeding him as King of England? Henry IV.",Henry IV
Which religion has holy books called the Vedas? Hinduism.,Hinduism
Who in 2002 was the youngest man to win an Academy Award for Best Actor? Adrien Brody.,Adrien Brody
Who chaired the 2003-4 Inquiry into the suspicious death of MOD scientist. Dr David Kelly? Lord Hutton.,Lord Hutton
Which daily newspaper is owned by the Scott Trust? The Guardian.,The Guardian
Which parliamentary constituency does Jack Straw represent? Blackburn.,Blackburn
Natrium was the original name for which element? Sodium.,Sodium
The Eredivisie is the top football league in which country? The Netherlands.,The Netherlands
Name the Swedish tennis player who in recent years has ended long unbeaten records by Roger Federer and Rafael Nadal. Robin Soderling.,Robin Soderling
"The Petronas Towers, the world's tallest twin towers, are in which Asian city? Kuala Lumpur, Malaysia.","Kuala Lumpur, Malaysia"
What 7-letter word beginning with J is a nickname for a US marine? Jarhead.,Jarhead
"What is the nationality of Manny Pacquiao, considered by many the best pound-for-pound boxer in the world. Filipino.",Filipino
Titus Oates was a ringleader of the Popish plot to kill which English King in 1678? Charles II.,Charles II
The Torah and Talmud are holy books in which religion? Judaism.,Judaism
A league was an old unit of measurement equal to how many miles? 3.,3
Trade union leader Jack Dromey is married to which politician? Harriet Harman.,Harriet Harman
Which element has the atomic number 55 and the chemical symbol Cs? Cesium.,Cesium
In which European country is Cascais Beach? Portugal.,Portugal
The Mitchell Library is in which UK city? Glasgow.,Glasgow
"In which country, which has a coastline on the eastern Mediterranean, is the red wine Chateau Musar produced? Lebanon.",Lebanon
Who drew the cartoon strip The Fosdyke Saga? Bill Tidy.,Bill Tidy
Which city will host the 2016 Olympic Games? Rio de Janeiro.,Rio de Janeiro
Who wrote the poem How They Brought The Good News From Ghent To Aix? Robert Browning.,Robert Browning
In which of the constellations of the Zodiac is the bright star Antares found? Scorpio.,Scorpio
Which element has the atomic number 42 and the chemical symbol Mo? Molybdenum.,Molybdenum
"During 2009, in order to highlight 'global warming', which country held an underwater cabinet meeting? The Maldives.",The Maldives
"The Monarch's Way is a long distance footpath, approximating to a route taken by which monarch? Charles II.",Charles II
How is 'King Rudolf 5th of Ruritania' known in the title of a book? The Prisoner of Zenda.,The Prisoner of Zenda
In which English county are the towns of Daventry and Brixworth? Northamptonshire.,Northamptonshire
"Which city will host the 2014 Winter Olympic Games? Sochi, Russia.","Sochi, Russia"
"In July 2010, USA and Russia swapped prisoners charged with spying - at which city's airport did the exchange take place? Vienna.",Vienna
In which of the constellations of the Zodiac is the star Aldebaran found? Taurus.,Taurus
"""In which Shakespeare play does the character Antigonus """"exit, pursued by a bear""""?"" The Winter’s Tale.",The Winter’s Tale
Bowman's Capsule is found in which organ of the body? Kidney.,Kidney
How many countries were founder members of the EEC in 1957? Six.,Six
In 1931 which Hungarian actor played Count Dracula in films? Bela Lugosi.,Bela Lugosi
What does Al Jazeera (the TV Station) mean in English? The Peninsula.,The Peninsula
What is the state capital of Nebraska? Lincoln.,Lincoln
Dave Lamb is a commentator on which food orientated TV programme? Come dine with me.,Come dine with me
In which year did the liner Queen Mary gain the blue riband on her maiden voyage? 1936.,1936
In which year was the first English FA cup final held? 1872.,1872
What part of the body is affected by glossitis? The tongue.,The tongue
Who discovered that malaria was transmitted by mosquito? Ronald Ross.,Ronald Ross
Who composed the music for the hymn Onward Christian Soldiers? Arthur Sullivan.,Arthur Sullivan
In the USA how many senators represent each state? Two.,Two
What does Taliban mean in the Afghan language? Students.,Students
Who created the character Paddington Bear? Michael Bond.,Michael Bond
In 2009 who was elected speaker of the House of Commons? John Bercow.,John Bercow
Sturnus Vulgaris is the scientific name for which common bird? Starling.,Starling
Who played Hawkeye Pierce in the film version of MASH? Donald Sutherland.,Donald Sutherland
In which city were the first operas performed? Venice.,Venice
In the human body what is produced by the lachrymal glands? Tears.,Tears
What do we call the point in the orbit of a planet at which the planet is nearest to the Sun? Perihelion.,Perihelion
"Born in 1585, who was known as the red eminence? Cardinal Richelieu.",Cardinal Richelieu
Who was the Spanish adventurer who conquered Peru in the 16th century? Francisco Pizarro.,Francisco Pizarro
Which saint set up a community on the island of Iona? St Columba.,St Columba
What was the name of the first Plantagenet monarch of England? Henry II.,Henry II
Which English King immediately preceded the Tudors and was effectively the last Plantagenet monarch? Richard III.,Richard III
Name the only novel by Emily Bronte? Wuthering Heights.,Wuthering Heights
What is NH3 the chemical formula for? Ammonia.,Ammonia
Give another name for Kaolin. China clay.,China clay
In which year was the dwarf planet Pluto discovered? 1930.,1930
At which university was Samuel Beckett from 1923 to 1927? Trinity College Dublin.,Trinity College Dublin
"In the RAF, what is the rank immediately above Squadron Leader? Wing Commander.",Wing Commander
Whose 1941 7th Symphony was called 'Leningrad'? Shostakovich.,Shostakovich
Who was the first king of the House of Lancaster? Henry IV.,Henry IV
Catherine Hogarth was the wife of which famous author? Charles Dickens.,Charles Dickens
What is the narne of the late playwright husband of the actress Maureen Lipman? Jack Rosenthal.,Jack Rosenthal
Which driver won the first Grand Prix Formula One World Motor championship in 1950? Giuseppe Farina.,Giuseppe Farina
Who was the first woman to run for US Vice President in 1984? Geraldine Ferraro.,Geraldine Ferraro
"In which year was the Battle of Edgehill, the first battle of the English Civil War? 1642.",1642
Which vegetable has the Latin name solanum tuberosum? Potato.,Potato
Stewart Island is the third largest island of which Commonwealth country? New Zealand.,New Zealand
Which son of Sweyn Forkbeard became King of England in 1016? Cnut.,Cnut
Which aircraft company manufactured the Spitfire? Supermarine.,Supermarine
Who designed the crypt and original design of the Liverpool Metropolitan Cathedral in 1933? Sir Edwin Lutyens.,Sir Edwin Lutyens
Who composed the oratorio 'Carmina Burana' in 1935? Carl Orff.,Carl Orff
Which pop group was co-founded by Syd Barrett in 1965/66? Pink Floyd.,Pink Floyd
Whose first novel 'The Hunt for Red October' was published in 1984? Tom Clancy.,Tom Clancy
"At which resort did Roosevelt, Churchill and Stalin meet in a major conference in February 1945? Yalta.",Yalta
In which band did Ringo Starr play immediately before he joined the Beatles? Rory Storm and the Hurricanes.,Rory Storm and the Hurricanes
Who wrote the plays The Browning Version and Separate Tables? Terence Rattigan.,Terence Rattigan
Which was Shakespeare's shortest play? The Comedy of Errors.,The Comedy of Errors
Whose autobiography was Goodbye To All That? Robert Graves.,Robert Graves
Who was Lieutenant Gerard Chasing for four years in the TV series The Fugitive? Richard Kimble.,Richard Kimble
Which Charlie Chaplin film satirized Adolf Hitler? The Great Dictator.,The Great Dictator
Which aircraft company built a model called the Comet? De Havilland.,De Havilland
Who crossed the Atlantic Ocean in a papyrus boat in 1969-70? Thor Heyerdahl.,Thor Heyerdahl
What is the name of the RAF Officer Training School? Cranwell.,Cranwell
Which Egyptian God had the head of a falcon? Horus.,Horus
On which body of water does Kampala stand? Lake Victoria.,Lake Victoria
What is the former name of Cape of Good Hope? The Cape of Storms.,The Cape of Storms
On which Island is the Japanese Capital Tokyo to be found? Honshu.,Honshu
In which year was the Easter Uprising in Ireland? 1916.,1916
Which was the first London Street to be lit by gas lamp? Pall Mall.,Pall Mall
What is the chemical name for vitamin B2? Riboflavin.,Riboflavin
The Paris-Dakar rally stars in France but end in which country? Senegal.,Senegal
Which is the nearest British town to Beachy Head? Eastbourne.,Eastbourne
"Which British Foreign Minister, later Prime Minister, is associated with Gunboat Diplomacy? Lord Palmerston.",Lord Palmerston
Which was the capital city of the Assyrian Empire? Nineveh.,Nineveh
Which metal is obtained from minerals haematite and magnetite? Iron.,Iron
Who had a mistress called Clara Petacci? Benito Mussolini.,Benito Mussolini
What colour is copper sulphate? Blue.,Blue
Which is the lightest (least dense) metal? Lithium.,Lithium
Sir Humphry Repton achieved fame in the 18th century in which sphere of activity? Landscape gardening.,Landscape gardening
In which English county are the Howardian Hills? North Yorkshire.,North Yorkshire
What is the English name for the star constellation Aquila? The Eagle.,The Eagle
"Bigos, a form of sauerkraut, is a national dish from which country? Poland.",Poland
In the 20th century Henri Cartier-Bresson achieved fame in what area of activity? Photography.,Photography
The 12000 foot high volcano Semeru is the highest peak on which South-East Asian island? Java.,Java
Who is the British director of the 1994 film 'Shallow Grave'? Danny Boyle.,Danny Boyle
"Which metal has a low-grade version called spelter, often used for sculptural casting? Zinc.",Zinc
What is the name of Steven Spielberg's 1997 film telling the story of a slave ship mutiny? Amistad.,Amistad
The former Labour minister Charles Clarke had his constituency in which English city? Norwich.,Norwich
"Which island, home to a monastery, lies off the coast of South Wales opposite Tenby? Caldey Island.",Caldey Island
In which present day country did the Etruscan civilisation exist? Italy.,Italy
Isabella of Angouleme was the wife of which English King? John.,John
The Wanderers Stadium is a cricket venue in which South African city? Johannesburg.,Johannesburg
Hilary Mantel won the 2009 Man Booker Prize with which novel? Wolf Hall.,Wolf Hall
Which bird do the French know as `hibou'? Owl.,Owl
Which actor played Inspector George Gently in the TV series of that name? Martin Shaw.,Martin Shaw
Which English King was imprisoned and died in Pontefract Castle? Richard II.,Richard II
Stefani Germanotta is better known in the pop music world as whom? Lady Gaga.,Lady Gaga
'The Potato Eaters' was a work of which famous artist? Van Gogh.,Van Gogh
Which group had a number one hit in 1983 with 'True'? Spandau Ballet.,Spandau Ballet
In which present day country was the bulk of the Hittite Empire situated? Turkey.,Turkey
Which horse was the winner of the 2010 Cheltenham Gold Cup? Imperial Commander.,Imperial Commander
The ship Earl of Pembroke renamed in 1768 for its new role became famous by what name? Endeavour.,Endeavour
The TV series 'Lark Rise to Candleford' is based on whose stories? Flora Thompson.,Flora Thompson
Which artist produced many paintings of Jane Avril at The Moulin Rouge? Toulouse-Lautrec.,Toulouse-Lautrec
In which English county is Frankland Prison? Durham.,Durham
"Held during the Boer War, what nickname was given to the UK General Election of 1900? Khaki election.",Khaki election
The flower Campanula rotundifolia is commonly known as the bluebell in Scotland; how is it known in England? Harebell.,Harebell
"Which astronaut, on whose book the movie was based, was played by Tom Hanks in the 1995 film `Apollo 13'? Jim Lovell.",Jim Lovell
The flower Dianthus barbatus is commonly known as Stinking Billy in Scotland; by what more pleasant-sounding name is it known in England? Sweet William.,Sweet William
"Although approaching his 30th birthday, in which 1953 film did Marlon Brando play the part of the teenage leader of a motorcycle gang? The wild one.",The wild one
At which point on the Cumbrian coast does Wainwright's Coast to Coast Walk start? St Bees.,St Bees
In which country was the board game Trivial Pursuit devised? Canada.,Canada
Who will appear on the new £50 bank note along with his business partner James Watt? Matthew Boulton.,Matthew Boulton
Which driver won the 2010 British Formula One Grand Prix? Mark Webber.,Mark Webber
"Passat - the Volkswagen car model, is German for a type of what? Wind.",Wind
Who composed an opera about the Shakespeare character Sir John Falstaff? Verdi.,Verdi
Who wrote the play `Hobson's Choice' in 1916? Harold Brighouse.,Harold Brighouse
Hashim Amla has played test cricket for which country? South Africa.,South Africa
In January 2010 Cadburys advised shareholders to accept a bid from which food company? Kraft Foods.,Kraft Foods
"""Who wrote the musicals """"Annie get your Gun"""" and """"Call Me Madam""""?"" Irving Berlin.",Irving Berlin
For which minor sport do the USA and Europe compete annually for the Mosconi Cup? Pool.,Pool
In which English county would you find the site of the Battle of Bosworth Field? Leicestershire.,Leicestershire
Wednesday is named after the god Woden but with which Roman god is Woden associated? Mercury.,Mercury
Before embarking on his Presidential campaign for which state did Barack Obama represent in the US Senate? Illinois.,Illinois
By what name has the Kaiser Wilhelm Canal been known since 1948? Kiel Canal.,Kiel Canal
Brer Rabbit stories originated as Cherokee myths but which author compiled the Brer Rabbit stories? Joel Chandler Harris.,Joel Chandler Harris
In Indian cuisine what is aloo as in dishes saag aloo? Potato.,Potato
"""Who in 1984 had a hit record with 'Time After Time""""?"" Cyndi Lauper.",Cyndi Lauper
"""With regards to the Isle of Man who currently holds the title """"Lord of Mann""""?"" The Queen of the United Kingdom.",The Queen of the United Kingdom
Who succeeded John Major as leader of the Conservative Party? William Hague.,William Hague
In which English county would you find the site of the Battle of Naseby? Northamptonshire.,Northamptonshire
Before Hilary Clinton became Secretary of State under Barack Obama for which state was she a US Senator? New York.,New York
Which manmade waterway features the Gatun and Milafiores Locks? The Panama Canal.,The Panama Canal
Which children's comic strip character was created in 1928 by Mary Tourtel? Rupert Bear.,Rupert Bear
"Levi Stubbs, Abdul Fakir, Renaldo Benson and Lawrence Peyton were collectively known as which Motown group of the 60's? The Four Tops.",The Four Tops
Victoria is the Roman Goddess of Victory but who is her Greek equivalent? Nike.,Nike
Which metal is obtained from the mineral ore galena? Lead.,Lead
Both St. David's and St. Patrick's Days fall under which sign of the astrological zodiac? Pisces.,Pisces
"""What type of creatures would you find in the reptilian order """"Ophidia""""?"" Snakes.",Snakes
"In WW2, what name was given to the attempted Allied liberation of the Netherlands in September 1944? Operation Market Garden.",Operation Market Garden
Bernis Leadon and Randy Meisner were among the founder members of which American group? The Eagles.,The Eagles
What was the Christian name of Winston Churchill's wife? Clementine.,Clementine
What is the state capital of Oregon? Salem.,Salem
Who won the 2009 Open Golf Championship at Turnberry? Stewart Cink.,Stewart Cink
"In which Alfred Hitchcock film of 1956 did Doris Day sing 'Que Sera, Sera'? The Man Who Knew Too Much.",The Man Who Knew Too Much
Which is the main port on the River Amazon estuary? Belém.,Belém
"What is the most southerly city in the world? Ushuaia, Argentina.","Ushuaia, Argentina"
Which was Alfred Hitchcock's last film made in 1976? Family Plot.,Family Plot
What is the state capital of North Dakota? Bismarck.,Bismarck
John Illsley and Pick Withers were among the founder members of which predominantly British group? Dire Straits.,Dire Straits
In WW2 the name Operation Plunder Varsity was given to the Allied crossing of what in March 1945? The Rhine.,The Rhine
"What is the top knot of stiff, spiky leaves on a pineapple called? The crown.",The crown
"In which Shakespeare play do the characters Ajax, Achilles and Ulysses appear? Troilus and Cressida.",Troilus and Cressida
The Louis S. St. Laurent' and the 'John G. Diefenbaker' are specifically what kind of ships? icebreakers.,icebreakers
Who was the Greek god of trade? Hermes.,Hermes
What was the home of the gods in Norse mythology? Asgard.,Asgard
What is the capital of Mali? Bamako.,Bamako
In which British city is there a district called The Jericho? Oxford.,Oxford
"All happy families resemble one another, but each unhappy family is unhappy in its own way. The opening lines of which great novel? Anna Karenina.",Anna Karenina
Which European capital is served by Vantaa airport? Helsinki.,Helsinki
Which composer's A minor piano concerto was premiered in 1846 with his wife as soloist? Schumann.,Schumann
Stockport in Greater Manchester has a museum dedicated to what item of clothing? Hats.,Hats
Who wrote The Russia House' in 1989? John le Carré.,John le Carré
Who won the Oscar for Best Director at the 2010 awards? Kathryn Bigelow.,Kathryn Bigelow
"In which city did Superman work, disguised as Clark Kent? Metropolis.",Metropolis
Who occasionally hosts BBC TV's Eggheads in the absence of Dermot Murnaghan? Jeremy Vine.,Jeremy Vine
"In which year did the following events all take place; Church of England ordained its first female priests, the Channel Tunnel opened and the National Lottery started? 1994.",1994
In which US state is the Big Sur coast? California.,California
In which city did Batman live as Bruce Wayne? Gotham City.,Gotham City
"What is the name of the 'social networking' website, on which messages are restricted to 140 characters, founded by Jack Dorsey, Biz Stone and Evan Williams in 2006? Twitter.",Twitter
Brandon Flowers is the singer with which group? The Killers.,The Killers
Who painted 'The Garden of Earthly Delights' in 1504? Hieronymus Bosch.,Hieronymus Bosch
Who hosts the BBC TV quiz show 'Pointless'? Alexander Armstrong.,Alexander Armstrong
"In 2010, Carlos Slim became the first non-American since 1994 to top Forbes list of billionaires, what is his nationality? Mexican.",Mexican
"In which year did the following events all take place; Ken Livingstone became the Mayor of London, England lost 1-0 to Germany in the last match at the old Wembley Stadium and Judith Keppel won the first £1,000,000 on 'Who Wants to be a Millionaire'? 2000.",2000
What is the name of the music website founded by Daniel Ek and Martin Lorentzon and launched in 2008? Spotify.,Spotify
"In the Stephen King book 'Christine', who or what is Christine? A car.",A car
"When he published his Theory of Special relativity in 1905, Albert Einstein was working as a patent clerk in which Swiss city? Bern.",Bern
Gary Lightbody is the singer with which group? Snow Patrol.,Snow Patrol
Who painted 'Girl with a Pearl Earring' in 1665? Johannes Vermeer.,Johannes Vermeer
Who served as the 19th President of the USA from 1877 to 1881 despite receiving fewer votes than his opponent in the election? Rutherford B. Hayes.,Rutherford B. Hayes
Who was Poet Laureate for the longest period (42 years from 1850 to 1892)? Alfred Lord Tennyson.,Alfred Lord Tennyson
"In 2002, Plantlife, a conservation charity, selected flowers or plants to represent each county. Viscum album was selected for Herefordshire, how is it commonly known? Mistletoe.",Mistletoe
Who served as the 29th President of the USA from 1921 to 1923 with the largest popular vote in any Presidential election? Warren G. Harding.,Warren G. Harding
"Who was Poet Laureate for 37 years, from 1930 to 1967? John Masefield.",John Masefield
Prohibition in the USA was enacted into law by the 'National Prohibition Act'. By what name was this popularly known? The Volstead Act.,The Volstead Act
In the game of backgammon with how many pieces does each player begin? 15.,15
"Which common garden flower, often used in salads, belongs to the genus Tropaeolum? Nasturtium.",Nasturtium
If a piece of music is described as 'adagio' how should it be played? Slowly.,Slowly
"""Which group had a hit in 1982 with """"Pass the Dutchie""""?"" Musical Youth.",Musical Youth
On which island of New York City is the borough of Brooklyn located? Long Island.,Long Island
In which play does the character Jimmy Porter appear? Look back in anger.,Look back in anger
Which of the 'big cats' has the Latin name `Panthera Onca'? The Jaguar.,The Jaguar
"""In which Gilbert and Sullivan's operetta would you hear the song """"I am the Very Model of a Modern Major General""""?"" The Pirates of Penzance.",The Pirates of Penzance
In chess how many different opening moves are there? 20.,20
Which was the only No. 1 hit for Pink Floyd? Another brick in the wall.,Another brick in the wall
Sarah was the wife of which biblical character? Abraham.,Abraham
Who wrote the books on which TVs Inspector Alleyn was based? Ngaio Marsh.,Ngaio Marsh
In which Gilbert & Sullivan Operetta would you see Ralph Rackstraw and Sir Joseph Porter? H.M.S. Pinafore.,H.M.S. Pinafore
Which French painter painted 'The Death of Socrates' in 1787 and 'Leonidas at Thermopylae in 1814? Jacques-Louis David.,Jacques-Louis David
Which famous statue by Michelangelo is held in the Galleria dell' Academia in Florence? David.,David
Which singer wrote the hit songs 'My Way' for Frank Sinatra and 'She's A Lady' for Tom Jones? Paul Anka.,Paul Anka
Symond's Yat is a prominent rock feature on the banks of which British river? Wye.,Wye
John Harmon is the main protagonist in which Dickens novel? Our mutual friend.,Our mutual friend
"In the computer term pdf, for what does the d stand? document.",document
"""Alfred Hitchcock's film """"The Birds"""" was inspired by a short novel by which authoress?"" Daphne du Maurier.",Daphne du Maurier
Who was the hero of several Sir Arthur Conan Doyle stories first introduced in 'The Lost World'? Professor Challenger.,Professor Challenger
What was the name of the Wright brothers' first aeroplane? Flyer.,Flyer
Who won the 1997 World Snooker Championship? Ken Doherty.,Ken Doherty
What is the name of the Japanese verse form of 17 syllables arranged in 3 lines? Haiku.,Haiku
In the world of transport what is a VLCC? Very large crude carrier.,Very large crude carrier
Which city is the state capital of the US state of Maine? Augusta.,Augusta
Which letter of the Greek alphabet is the equivalent to the English L? Lambda.,Lambda
Which 1992 Quentin Tarantino film featured the song 'Stuck in the middle with you'? Reservoir dogs.,Reservoir dogs
In the Royal Navy what is the equivalent rank to a Flight Sergeant in the Royal Air Force? Chief Petty Officer.,Chief Petty Officer
In 1964 what was the Kinks' first chart success which reached Number 1? You really got me.,You really got me
"""Which culinary vegetable has the Latin name """"Allium Sativum""""?"" Garlic.",Garlic
What was the main instrument of the jazz musician Art Tatum? Piano.,Piano
Prometheus Bound was written by Aeshylus (524-556BC). Who wrote Prometheus Unbound in 1820AD? Percy Bysshe Shelley.,Percy Bysshe Shelley
Who succeeded King John in 1216? King Henry III.,King Henry III
On which novel by HG Wells was the 1963 musical 'Half a Sixpence' based? Kipps.,Kipps
"In the Bible, in the book of Kings, who was the evil wife of King Ahab? Jezebel.",Jezebel
In which town are the administrative headquarters of North Yorkshire? Northallerton.,Northallerton
How many lines of poetry are in a sonnet? 14.,14
What is the state capital of the New England state of New Hampshire? Concord.,Concord
What letter of the Greek alphabet is equivalent to the English K? Kappa.,Kappa
Which culinary vegetable has the scientific name `solanum tuberosum'? Potato.,Potato
Which instrument is most closely associated with jazz musician Charlie Mingus? Double bass.,Double bass
"What is the nearest national capital city to Bratislava, only 35 miles away? Vienna.",Vienna
"'Disko Troop' is the captain of the We're Here' fishing vessel in which Rudyard Kipling novel, which was made into a film starring Spencer Tracy? Captains Courageous.",Captains Courageous
"What was the first name of Stradivari, who lived 1644-1737, and is famous as a manufacturer of stringed musical instruments? Antonio.",Antonio
Fado music originated in which country? Portugal.,Portugal
"""What type of cake kicked off Proust's reminiscences in """"Remembrance of Things Past""""?"" Madeleine.",Madeleine
"In which Charles Dickens novel do we meet the minor characters: Startop, Mr. Jaggers and Wemmick? Great Expectations.",Great Expectations
"""Which native American tribe were famously used as """"Code Talkers"""" during WW2, due to the fact that so few people talked their language?"" Navajo.",Navajo
"In which Charles Dickens novel do we meet the minor characters: Tom Pinch, Mark Tapley and Paul Sweedlepipe? Martin Chuzzlewit.",Martin Chuzzlewit
What-is the official residence of the Mayor of New York City? Gracie Mansion.,Gracie Mansion
"Which philosopher, who was born in Algerian in 1930, originated the deconstruction theory? Jacques Derrida.",Jacques Derrida
Which shipping forecast area lies to the south of Fair Isle and to the west of Forties? Cromarty.,Cromarty
Which of the five New York boroughs has the largest population? Brooklyn.,Brooklyn
"What is the pre-Columbian civilisation that thrived in southern Mexico in 1400 BC, generally considered the first meso-American civilisation? Olmec.",Olmec
"In which French town, did Jean Claude Killy achieve a clean sweep all of the men's alpine events in the 1968 Winter Olympics? Grenoble.",Grenoble
Which prize-winning series of books by Julia Donaldson tell the story of a mouse taking a walk in a dark wood? The Gruffalo.,The Gruffalo
"Who was the Danish philosopher (1813-1855), who was both a theologian and social critic, he is chiefly remembered today for the primary influence which he exerted upon the philosophical ideas of Existentialism? Søren Kierkegaard.",Søren Kierkegaard
"What are the irregularly-shaped, colourless bodies present in blood whose sticky surface lets them, along with other substances, form clots to stop bleeding when exposed to air? Platelets.",Platelets
"""Who won the Best Actor Oscar for his role in Billy Wilder's 1953 film """"Stalag 17""""?"" William Holden.",William Holden
"What is the first name of the ballet dancer Nijinsky, who was unsuccessfully treated by Eugene Bleuler in Switzerland when diagnosed with schizophrenia? Vaslav.",Vaslav
"Who was President of the International Olympic Committee from 1952 to 1972, who made the decision to continue the 1972 Munich Olympic Games despite a terrorist attack? Avery Brundage.",Avery Brundage
In which British town or city is the National Railway Museum? York.,York
Which 1968 film starring Jane Fonda was based on the French comics created by Jean-Claude Forest? Barbarella.,Barbarella
"Of the teams playing in the current (2011-12) Premiership, which was the first to win the FA Cup, winning in 1884? Blackburn Rovers.",Blackburn Rovers
"Which 1980s pop group, lead singer Dave Gahan, took its name from a French fashion magazine? Depeche Mode.",Depeche Mode
"Titan, Rhea and Hyperion are all satellites of which planet? Saturn.",Saturn
According to the Bible who was the mother of Esau and Jacob? Rebecca.,Rebecca
In which British town or city is the National Media Museum? Bradford.,Bradford
"What was the name of Benjamin Britten's opera about a lonely, isolated fisherman? Peter Grimes.",Peter Grimes
"Before embarking on her solo career, Nicole Scherzinger was best known as the lead singer in which girl group? The Pussycat Dolls.",The Pussycat Dolls
In which country is Mount Ararat (where Noah's Ark is reputed to have come to rest) the highest peak? Turkey.,Turkey
Which company manufactured the World War 2 `Stuka' dive- bomber? Junkers.,Junkers
Stanislas Wawrinka represents which country in international tennis? Switzerland.,Switzerland
"According to the Bible, Nebuchadnezzar was the King of which region or empire? Babylon.",Babylon
"The Churn, the Windrush, the Cherwell and the Mole are all tributaries of which major river? The Thames.",The Thames
"Who has played Dick Tracy, Bugsy Siegel and Clyde Barrow on film? Warren Beatty.",Warren Beatty
"Pearl Roundabout has been a scene of political protests, in which city is it? Manama, Bahrain.","Manama, Bahrain"
"Which TV period drama is based on the writings of Flora Thompson and features the characters Dorcas Lane, Thomas Brown and Laura Timmins? Lark Rise to Candleford.",Lark Rise to Candleford
Which company manufactured the World War 2 'A6M Zero' fighter aircraft? Mitsubishi.,Mitsubishi
Who is the founder of the Wikileaks website? Julian Assange.,Julian Assange
In the grounds of which house is the Emperor Fountain? Chatsworth.,Chatsworth
"Whose film roles include Terry Malloy, Stanley Kowalski and Vito Corleone? Marlon Brando.",Marlon Brando
John Galliano was dismissed from his post as chief designer at which fashion house? Christian Dior.,Christian Dior
What year did the Good Friday Agreement come into effect? 1998.,1998
What year did the burning of the Reichstag take place? 1933.,1933
Goodwood racecourse is in which county? West Sussex.,West Sussex
What is the SI unit of magnetic flux? Weber.,Weber
What month in 1961 did the Bay of Pigs attack on Cuba take place? April.,April
"""Who composed the opera """"The Merry Widow""""?"" Franz Lehar.",Franz Lehar
"""Who wrote the novel """"Lovely Bones""""?"" Alice Sebold.",Alice Sebold
"""Who wrote the play """"Who's afraid of Virginia Wolf'?"" Edward Albee.",Edward Albee
The dunnock is more commonly known as what bird? Hedge sparrow.,Hedge sparrow
"Name the cricketer who played for Gloucestershire and England who scored 7,249 runs and 22 centuries in test matches? Wally Hammond.",Wally Hammond
What is the name of the strait separating Norway and Denmark? The Skagerrak.,The Skagerrak
"""The cult film """"Assault on Precinct 13"""" was directed by whom?"" John Carpenter.",John Carpenter
In the Bible who was the wife of Boaz? Ruth.,Ruth
"Adele has had several recent album successes, in which English city was she born? London.",London
On which West Indian island was cricketer Gary Sobers born? Barbados.,Barbados
The port of Pusan is in which country? South Korea.,South Korea
Who was on the throne of England in 1472? Edward IV.,Edward IV
In Greek mythology who drowned while swimming the Hellespont? Leander.,Leander
What name is given to the Mafia code of silence? Omerta.,Omerta
How are the first ten amendments to the US Constitution collectively known? The Bill of Rights.,The Bill of Rights
"In which English building is the world's oldest working clock, dating back to 1386? Salisbury Cathedral.",Salisbury Cathedral
"Ascorbic acid is an essential dietary requirement, how is it more commonly known? Vitamin C.",Vitamin C
The 'Short' and the 'Long' Parliaments were both in the reign of which monarch? Charles I.,Charles I
Who plays Reggie Perrin in the BBC TV remake of the classic comedy series? Martin Clunes.,Martin Clunes
Which battle took place on 21st October 1805? Trafalgar.,Trafalgar
"Who, in 1811, postulated that 'when at the same temperature and pressure, equal volumes of gases contain equal numbers of molecules'? Avogadro.",Avogadro
"Who made his directorial debut with the 1998 film 'Lock, Stock and Two Smoking Barrels'? Guy Ritchie.",Guy Ritchie
In Greek myth who was the mother of Oedipus? Jocasta.,Jocasta
Which retail company markets the clothing label 'Per Una'? Marks and Spencer.,Marks and Spencer
What is the major ingredient in the curry dish 'Dopiaza'? Onion.,Onion
Which large island lies off the coast of Los Angeles? Catalina Island.,Catalina Island
Which Edinburgh physicist has given his name to a sub-atomic particle which has not yet been observed? Peter Higgs.,Peter Higgs
Which island lies off the coast of Barrow-in-Furness? Walney Island.,Walney Island
Which motorway ends in Blackpool? M55.,M55
Against which football team does Barcelona contest the 'local derby'? Espanyol.,Espanyol
In which ballet is Swanhilde jealous of a mechanical doll? Coppelia.,Coppelia
"In the current series of car registration plates (2 letters, a 2 digit number then 3 letters), which was the first 2 digit number to be used? 51.",51
What was the name of the United Arab Emirates before the end of the protectorate in 1971? Trucial States.,Trucial States
"""Which British alternative rock band won the Mercury Prize in 2008 with the album """"The Seldom Seen Kid""""?"" Elbow.",Elbow
Which animal is the smallest true monkey? Pygmy marmoset.,Pygmy marmoset
How many arms has a starfish? Five.,Five
What is the oldest named English cheese? Cheshire.,Cheshire
"Gillian Gilks (nee Perrin, later Goodwin) was an exponent in which sport? Badminton.",Badminton
What was contained in the Ark of the Covenant? The Ten Commandments.,The Ten Commandments
What is the name of Hong Kong's stock market Index? Hang Seng Index.,Hang Seng Index
In which Italian city are the HQ of Ducati motorcycles? Bologna.,Bologna
Which patron saint was believed to have lived on locusts and honey? St John the Baptist.,St John the Baptist
"The Dutch Super Cup, played between the Eredivisie winners and the winner of the KNVB Cup, is named after which footballer? Johan Cruijff.",Johan Cruijff
"Plovdiv and Varna airports, et al, are in which European country? Bulgaria.",Bulgaria
Which German developed the concept of the kindergarten? Friedrich Froebel.,Friedrich Froebel
Tarbes and Pau airports serve which French town? Lourdes.,Lourdes
Allium sativum is the Latin name for which vegetable? Garlic.,Garlic
David Moyes played in what position during his football career? Centre back.,Centre back
"""Which English poet (1608-1674) wrote the opening line: """"When I consider how my light was spent""""?"" John Milton.",John Milton
Name the Greek goddess of divine retribution. Nemesis.,Nemesis
Lod airport (now Ben Gurion International Airport) serves which Asian city? Tel Aviv.,Tel Aviv
Narita international airport serves which city? Tokyo.,Tokyo
Jazz fusion musician Pat Metheny plays which instrument? Guitar.,Guitar
Philippa of Hainault was the wife of which English king? Edward III.,Edward III
Ringing Roger and Grindslow Knoll are features in which English National Park? The Peak District.,The Peak District
What is the family name of the Dukes of Bedford? Russell.,Russell
"""Give the name of the character played by Oscar winning actor Edmund Gwenn in the 1947 film """"Miracle on 34th Street""""."" Kris Kringle.",Kris Kringle
What is the family name of the Earl of Harewood? Lascelles.,Lascelles
In which year did Mozart die? 1791.,1791
Who preceded Neville Chamberlain as Prime Minister? Stanley Baldwin.,Stanley Baldwin
In which year did Beethoven die? 1827.,1827
Jazz musician McCoy Tyner plays which instrument? Piano.,Piano
Which Yorkshire crime writer created the character Chief Inspector Banks? Peter Robinson.,Peter Robinson
"The artists Ben Nicholson, Barbara Hepworth, Terry Frost, and Patrick Heron are primarily associated with which English seaside resort? St Ives.",St Ives
Astana is the capital city of which former Soviet republic? Kazakhstan.,Kazakhstan
"""The American TV series 'The Wire"""" is set in which city?"" Baltimore.",Baltimore
Which German city was the target of the first 1000 bomber raid in 1942? Cologne.,Cologne
"""Which Scottish author wrote """"A Good Man in Africa"""", """"The New Confessions"""", and his most recent novel """"Ordinary Thunderstorms""""?"" William Boyd.",William Boyd
"Which former American baseball player currently holds the records for both most home runs in a season, and most career home runs? Barry Bonds.",Barry Bonds
"""What is the 10th letter in the Greek alphabet and is equivalent to the English letter """"K""""?"" Kappa.",Kappa
"""Who played Jean Harlow in the 1965 film """"Harlow""""?"" Carroll Baker.",Carroll Baker
"""Who painted """"Girl with a Pearl Earring"""" circa 1665?"" Johannes Vermeer.",Johannes Vermeer
"""Who directed the 1980 film """"Ordinary People""""?"" Robert Redford.",Robert Redford
"""What is the meaning of the Latin phrase """"Agnus Dei""""?"" Lamb of God.",Lamb of God
In Greek mythology who was the wife of Odysseus? Penelope.,Penelope
Which American invented the Polaroid camera in 1947? Edwin Land.,Edwin Land
What is the SI unit of pressure? Pascal.,Pascal
Which American state is nicknamed the Treasure state? Montana.,Montana
In which constellation is the star Regulus? Leo.,Leo
Which religious body was originally called Russelites? Jehovah’s Witnesses.,Jehovah’s Witnesses
"""Which actress caused a sensation by appearing naked in the 1933 film """"Ecstasy""""?"" Hedy Lamarr.",Hedy Lamarr
"""Which disease of the central nervous system is named after the Englishman who wrote """"An Essay on the Shaking Palsy"""" in 1817?"" Parkinson’s disease.",Parkinson’s disease
Who was Poet Laureate for the longest period (42 years 1850-1892)? Alfred Lord Tennyson.,Alfred Lord Tennyson
"""Who painted """"The garden of earthly delights"""" circa 1504?"" Hieronymus Bosch.",Hieronymus Bosch
"""Which Oscar-winning actress directed the film """"Little Man Tate"""" in 1991?"" Jodie Foster.",Jodie Foster
Which Australian partnered John Lloyd to three Grand Slam Mixed Doubles titles in the 1980s? Wendy Turnbull.,Wendy Turnbull
"""In which city does the majority of the Shakespeare play """"The Taming of the Shrew"""" take place?"" Padua.",Padua
What nationality was Formula 1 motor racing champion Juan Fangio? Argentinian.,Argentinian
Which Scotsman invented the vacuum flask in 1892? James Dewar.,James Dewar
Elizabeth Woodville was the wife of which English King? Edward IV.,Edward IV
"""Who wrote the Elvis Presley song """"Blue Suede Shoes"""""" Carl Perkins.",Carl Perkins
Who is credited with the invention of bi-focal glasses? Benjamin Franklin.,Benjamin Franklin
Banjo Patterson is credited with writing which song a national favourite of its country? Waltzing Matilda.,Waltzing Matilda
Which Indian City is known as the Silicon Valley of India? Bangalore.,Bangalore
Which drink has major commercial types called Robusta and Arabica? Coffee.,Coffee
What is the highest peak in Germany? Zugspitze.,Zugspitze
Who is the patron saint of the Order of the Garter? St George.,St George
"""""""Building Better Worlds"""" Weyland-Yutani Corp features in which sci-fi film series?"" Alien.",Alien
Adria Airways is the airline of which former Yugoslav State? Slovenia.,Slovenia
Which sport is supervised in Scotland by the Camanachd Association? Shinty.,Shinty
What is the name of the Speaker of the House of Commons? John Bercow.,John Bercow
Aqua Fortis is another name for which liquid? Nitric acid.,Nitric acid
The Butcher bird is another name for which bird? T The shrike.,The shrike
Which town in Italy is the home of violin making? Cremona.,Cremona
By which treaty was Gibraltar formally ceded to Great Britain in 1713? The Treaty of Utrecht.,The Treaty of Utrecht
Which British Army rank comes after Brigadier? Major General.,Major General
From which city do the groups Human League and Def Leppard originate? Sheffield.,Sheffield
Who was the first Pope of the Roman Catholic Church? St Peter.,St Peter
What is formed by the confluence of the Ouse and Trent rivers? The Humber.,The Humber
"What is the name of the diacritical mark in Spanish which is placed over a letter 'n' to soften its pronunciation, e.g. in the word 'señor'? tilde.",tilde
What was ended by the Treaty of Vereeniging? The Second Boer War.,The Second Boer War
The first Butlin's holiday camp opened in 1936 in which resort? Skegness.,Skegness
What was the first name of the French artist Poussin (1594-1665)? Nicolas.,Nicolas
For what product is the city of Carrara in Italy most famous? Marble.,Marble
What was Michelangelo's family name? Buonarroti.,Buonarroti
"In the books by Sue Townsend, Adrian Mole was supposedly born in which English county? Leicestershire.",Leicestershire
"""Who wrote the 19th century detective novel """"The Moonstone""""?"" Wilkie Collins.",Wilkie Collins
What was the exact London address of Sherlock Holmes? 221B Baker Street.,221B Baker Street
In 1805 Mungo Park was sent to trace the course of which river? Niger.,Niger
Cornish Yarg cheese is wrapped in the leaves of which plant? nettle.,nettle
In which country was Roald Dahl born? Wales.,Wales
"""Who sculpted """"The Gates of Hell"""" depicting a scene from Dante's Inferno from 1880 until his death in 1917?"" Auguste Rodin.",Auguste Rodin
"""Who wrote the poem The Wreck of the Hesperus""""?"" Henry Wadsworth Longfellow.",Henry Wadsworth Longfellow
"""In which Shakespeare play will you find the jester """"Touchstone""""?"" As You Like It.",As You Like It
In which 2002 film did Richard Gere play the part of Billy Flynn? Chicago.,Chicago
"""Who painted """"The Boyhood of Raleigh'?"" Sir John Everett Millais.",Sir John Everett Millais
"""Who composed the opera """"Don Giovanni""""?"" Mozart.",Mozart
"""Who plays the part of Charlie Fairhead in TV's """"Casualty""""?"" Derek Thompson.",Derek Thompson
What single number is considered to be lucky in China? 8.,8
"""Who directed the 1947 film """"It's a Wonderful Life""""?"" Frank Capra.",Frank Capra
Which author was married to Catherine Hogarth? Charles Dickens.,Charles Dickens
"""What is the name of the theme tune for """"Monty Python's Flying Circus""""?"" The Liberty Bell.",The Liberty Bell
In which Shakespeare play will you find the servant 'Lancelot Gobbo'? The Merchant of Venice.,The Merchant of Venice
What is the middle name of ex-US President Jimmy Carter? Earl.,Earl
In which 1980 film did John Hurt play the part of John Merrick? The Elephant Man.,The Elephant Man
Winston Churchill was MP for which constituency from 1924-1945? Epping.,Epping
Who were the first winners of the Football League in 1889? Preston North End.,Preston North End
Which Roman road ran from Rome to Brindisi? Appian Way.,Appian Way
Which car company makes the model 'Zafira'? Vauxhall.,Vauxhall
"""Who directed the 2011 film """"The King's Speech""""?"" Tom Hooper.",Tom Hooper
Which French General and statesman took part in the Battle of Yorktown? Lafayette.,Lafayette
What is the name of the straight line joining any two points on the circumference of a circle? A chord.,A chord
What title is held by the heir to the Spanish throne? Prince of Asturias.,Prince of Asturias
"Who, better known as an actor and comedian, released his debut blues album in 2011 called 'Let Them Talk'? Hugh Laurie.",Hugh Laurie
Which group released the album 'Tango in the Night' in 1987? Fleetwood Mac.,Fleetwood Mac
"In Shakespeare's 'As you like It', what name does Rosalind take when she poses as a boy? Ganymede.",Ganymede
Which author writes about the Italian policeman Aurelio Zen? Michael Dibdin.,Michael Dibdin
"Who was the mother of twins, Apollo and Artemis? Leto.",Leto
Where was the armistice which halted the Korean War signed in 1953? Panmunjom.,Panmunjom
"Founded in 1999 by BBC4 TV, for what is the Samuel Johnson Prize awarded? Non-fiction.",Non-fiction
"Opened in 1914, what is Edinburgh's main concert hall? Usher Hall.",Usher Hall
"Which artist (1518-1594), born Jacopo Comin, also known as Jacopo Robusti, is known by a nickname taken from his father's occupation as a dyer? Tintoretto.",Tintoretto
"Who is the wife of King Cepheus, found opposite to him in the night sky? Cassiopeia.",Cassiopeia
"The states of Yap, Chuuk, Pohnpei and Kosrae in the Western Pacific are collectively known as the Federated States of ................. where? Micronesia.",Micronesia
'E20' is an internet spinoff from which soap opera? EastEnders.,EastEnders
"Which poet wrote the line 'T'is better to have loved and lost, than never to have loved at all'? Alfred Lord Tennyson.",Alfred Lord Tennyson
"Which poet wrote the line 'Beauty is truth, truth beauty - that is all ye know on earth, and all ye need to know'? John Keats.",John Keats
Which member of the Cabinet has been the MP for Maidenhead since 1997? Theresa May.,Theresa May
What is the real first name of the singer Lulu? Marie.,Marie
"Which religious faith was founded in the 19th century, in what is now Iran and has its headquarters in Haifa(Israel)? Baha’i.",Baha’i
Which is the highest number used in a Sudoku puzzle? 9.,9
Which group was Jimmy Page in immediately before forming Led Zeppelin? The Yardbirds.,The Yardbirds
Who created the fictional TV Detective Inspector Frost? R.D. Wingfield.,R.D. Wingfield
Who followed Henry Campbell Bannerman as Prime Minister in 1908? H. H. Asquith.,H. H. Asquith
Who fought Muhammed All in the 'Rumble in the Jungle' in 1974? George Foreman.,George Foreman
Which alcoholic drink is added to brandy to make a Sidecar cocktail? Cointreau.,Cointreau
What was the name of Lester Piggott's first Derby winner in 1954? Never say die.,Never say die
"""Which religious group publishes a magazine called """"The Watchtower""""?"" Jehovah’s Witnesses.",Jehovah’s Witnesses
"In the Harry Potter series, what is the name of the soul sucking guards from Azkaban? Dementors.",Dementors
What is the former British Crown colony of the Gold Coast now called? Ghana.,Ghana
"""Whose first number one album in the UK was """"Every Picture Tells a Story"""" in 1971?"" Rod Stewart.",Rod Stewart
Who was Jimmy Carter's Vice-President from 1977-1981? Walter Mondale.,Walter Mondale
"Which saint, also known as Thaddeus, is the patron saint of lost causes? St Jude.",St Jude
"""In """"The Lion, The Witch and The Wardrobe"""", how is Jadis better known?"" The White Witch.",The White Witch
Which TV detective series is based on books by Caroline Graham? Midsomer Murders.,Midsomer Murders
Who followed Lloyd George as Prime Minister in 1922? Bonar Law.,Bonar Law
"""Who wrote the 1989 Booker Prize winning novel """"The Remains of the Day""""?"" Kazuo Ishiguro.",Kazuo Ishiguro
"Chequers, the Prime Minister's country residence, is in which English county? Buckinghamshire.",Buckinghamshire
In which Gilbert and Sullivan opera do fairies take over Parliament? Iolanthe.,Iolanthe
In which early 90's TV series did scientists Dr. Sam Beckett and Admiral Al Calavicci appear? Quantum Leap.,Quantum Leap
"Traditionally, what kind of meat is used in the dish Osso Bucco? Veal.",Veal
"Which daily newspaper was founded in 1909, but closed in 1971 when it merged with the Daily Mail? The Daily Sketch.",The Daily Sketch
"""Which religious organisation's newspaper is called """"The War Cry""""?"" The Salvation Army.",The Salvation Army
"In which 1949 movie did James Cagney say the lines 'Made it Ma - Top of the world', before being killed? White Heat.",White Heat
Who played a character called Rachel Marron in a famous 1992 film? Whitney Houston.,Whitney Houston
"In fiction, who became Mayor of Casterbridge? Henchard.",Henchard
Cusco (Cuzco) was the historical capital of which Empire? Inca.,Inca
In which country did the Carnation Revolution take place in 1974? Portugal.,Portugal
"""What sort of drink is """"matcha""""?"" Green tea.",Green tea
Matthew Flinders led the first circumnavigation of which land mass? Australia.,Australia
Windhoek is the capital of which African republic? Namibia.,Namibia
What did Henry Cavendish describe as 'inflammable air'? Hydrogen.,Hydrogen
What food is known as an 'alligator pear'? Avocado.,Avocado
"Similar to shepherd's pie, Bobotie is a national dish of which country? South Africa.",South Africa
What instrument was played by jazz musician (Edward) Kid Ory? Trombone.,Trombone
"Singer Rihanna, and cricketer Sir Garfield Sobers are from which island? Barbados.",Barbados
Which species of bird has Andean and Californian varieties? Condor.,Condor
"""""""Gates of Hell"""" and """"The Burghers of Calais"""" are by which sculptor?"" Auguste Rodin.",Auguste Rodin
"Julia Gillard, elected Australian PM in 2010, was born in which country? Wales.",Wales
The Straits Times Index is the stock market of which Asian republic? Singapore.,Singapore
Which novel is set on one day - 16th June 1904? Ulysses.,Ulysses
What is the state capital of Kansas? Topeka.,Topeka
In which English county are the National Space Centre and the Foxton canal locks? Leicestershire.,Leicestershire
"What is the name of Atticus Finch's daughter, the narrator of To Kill a Mockingbird? Scout.",Scout
Who wrote the plays Plaza Suite and The Odd Couple? Neil Simon.,Neil Simon
What is the main currency unit of Afghanistan? Afghani.,Afghani
Which American playwright wrote The Iceman Cometh and Long Day's Journey Into Night? Eugene O’Neill.,Eugene O’Neill
"Which author was born in 1812 in Landport, which is now part of Portsmouth? Charles Dickens.",Charles Dickens
"In the TV programme '24', what is the name of the character played by Kiefer Sutherland? Jack Bauer.",Jack Bauer
"Occurring on 21 July 1861, on what was the first major land battle of the American Civil War? The First Battle of Bull Run.",The First Battle of Bull Run
In which of his books does George Orwell recount his experiences in the Spanish Civil War? Homage to Catalonia.,Homage to Catalonia
"In which Virginia town, in April 1865, did Robert E Lee sign the Confederate surrender at the end of the American Civil War? Appomattox.",Appomattox
Which Tottenham Hotspur manager signed Ossie Ardiles? Keith Burkinshaw.,Keith Burkinshaw
"Ian Curtis, who committed suicide in May 1980, was the vocalist with which group? Joy Division.",Joy Division
Which famous author spent 5 years in the 1920's as a police officer in Burma? George Orwell.,George Orwell
Which directing partnership remade the film True Grit in 2010? The Coen brothers.,The Coen brothers
Which Israeli leader won the Nobel Peace Prize in 1978? Menachem Begin.,Menachem Begin
What did the poet Homer frequently describe as 'wine-dark'? The sea.,The sea
"In Warner Brothers Looney Tunes cartoons, what was the name of the amorous French skunk? Pepé Le Pew.",Pepé Le Pew
What nationality was the philosopher Soren Kierkegaard? Danish.,Danish
Which band did Mick Jones form on leaving the Clash? Big Audio Dynamite.,Big Audio Dynamite
Who wrote the novel 'Cold Comfort Farm' in 1932? Stella Gibbons.,Stella Gibbons
In which year was the Battle of the Little Big Horn? 1876.,1876
In which English county was Charles Darwin born? Shropshire.,Shropshire
"The steel pan (or drum) is the national instrument of which island nation, where it was invented? Trinidad and Tobago.",Trinidad and Tobago
Which of the halogens has the lowest atomic number (9)? Fluorine.,Fluorine
Which Shakespeare play is set in Sicilia and Bohemia? The Winter’s Tale.,The Winter’s Tale
"Which historic region of France, roughly corresponding to the Dordogne, gives its name to black truffles? Perigord.",Perigord
For what does the C stand in the acronym UNESCO? Culture.,Culture
On which London thoroughfare is the Cenotaph situated? Whitehall.,Whitehall
"What name is given in English to a figure of speech in which apparently contradictory terms appear in conjunction, eg deeply superficial? Oxymoron.",Oxymoron
Who was British Prime Minister when the American Declaration of Independence was signed in 1776? Lord North.,Lord North
Who was the Queen consort of King Charles the Second of England? Catherine of Braganza.,Catherine of Braganza
Which car marque produces the 'Insignia' model? Vauxhall.,Vauxhall
"""It was announced in 2010 that which American crime author was to write a new """"James Bond"""" novel?"" Jeffery Deaver.",Jeffery Deaver
"Four US states border Lake Michigan - Michigan, Illinois and Wisconsin are three. Which is the fourth? Indiana.",Indiana
In which Shakespeare play does most of the action place in the Forest of Arden? As You Like It.,As You Like It
Which common British garden bird has the Latin name cyanistes caeruleus or parus caeruleus'? Blue tit.,Blue tit
Which northern region of Italy is particularly associated with white truffles? Piedmont.,Piedmont
Of what is ergophobia the fear? Work.,Work
For what does the R stand in the acronym UNHCR? Refugee.,Refugee
How is the building 30 St. Mary Axe better known? The Gherkin.,The Gherkin
"According to Homer, who was Queen of Troy and mother of Paris and Hector? Hecuba.",Hecuba
"In American football, how many points are awarded for a field goal? 3.",3
Which car marque produces the Tiguan model? Volkswagen.,Volkswagen
"The Suez Canal has its southern terminus at Port Tawfik, Suez. Where is its northern terminus? Port Said.",Port Said
For what does the G stand in G. K. Chesterton? Gilbert.,Gilbert
"According to Muslim tradition, who revealed the Qur'an to Mohammed? The angel Gabriel.",The angel Gabriel
"Specifically, on which island is the Franz Josef Glacier? South Island of New Zealand.",South Island of New Zealand
What type of bird is a maribou? A stork.,A stork
"Cosette, Marius and Fantine are characters in which book and musical? Les Misérables.",Les Misérables
What is the name of the dog in Enid Blyton's 'Famous Five' books? Timmy.,Timmy
Name the son of Marcus Aurelius who succeeded him as Roman Emperor from 180-192 AD. Commodus.,Commodus
