,statement
0,In which country is the city of Arbonne-la-Foret located?
1,In which country is the city of Dover located?
2,In which country is the city of Cuauhtenango located?
3,In which country is the city of Seguelon located?
4,In which country is the city of Desloge located?
5,In which country is the city of Clarence-Rockland located?
6,In which country is the city of Bishop located?
7,In which country is the city of Valley Station located?
8,In which country is the city of Hartselle located?
9,In which country is the city of Kristiansund located?
10,In which country is the city of Silindru located?
11,In which country is the city of Contuboel located?
12,In which country is the city of Anahuac located?
13,In which country is the city of Katsdorf located?
14,In which country is the city of Pralungo located?
15,In which country is the city of Talkha located?
16,In which country is the city of Bernate Ticino located?
17,In which country is the city of Samatan located?
18,In which country is the city of Ciudad Pemex located?
19,In which country is the city of Karkkila located?
20,In which country is the city of Strizivojna located?
21,In which country is the city of General Campos located?
22,In which country is the city of Stiava located?
23,In which country is the city of Zougban located?
24,In which country is the city of Kalk located?
25,In which country is the city of Buzen located?
26,In which country is the city of Bellprat located?
27,In which country is the city of Barntrup located?
28,In which country is the city of Monticello located?
29,In which country is the city of Aiguees located?
30,In which country is the city of Churchill located?
31,In which country is the city of Ostrowy nad Oksza located?
32,In which country is the city of Oxenford located?
33,In which country is the city of Santa Rosa de Lima located?
34,In which country is the city of Lancara located?
35,In which country is the city of La Villa located?
36,In which country is the city of Glens Falls located?
37,In which country is the city of Hook located?
38,In which country is the city of Sao Paulo de Olivenca located?
39,In which country is the city of Ratingen located?
40,In which country is the city of Dezanovac located?
41,In which country is the city of Gikongoro located?
42,In which country is the city of Marina located?
43,In which country is the city of NevveYamin located?
44,In which country is the city of Redwood Shores located?
45,In which country is the city of Shenandoah Farms located?
46,In which country is the city of Cancello-Arnone located?
47,In which country is the city of Niederdorfelden located?
48,In which country is the city of India Hook located?
49,In which country is the city of Goeda located?
50,In which country is the city of Chinsali located?
51,In which country is the city of Latri Sabiji located?
52,In which country is the city of Ussaramanna located?
53,In which country is the city of Henri-Chapelle located?
54,In which country is the city of Wilsonton located?
55,In which country is the city of Erps-Kwerps located?
56,In which country is the city of Bechtolsheim located?
57,In which country is the city of Picerno located?
58,In which country is the city of Wilczyce located?
59,In which country is the city of Deale located?
60,In which country is the city of Terbanggi Besar located?
61,In which country is the city of Hornitos located?
62,In which country is the city of Conguaco located?
63,In which country is the city of Battlement Mesa located?
64,In which country is the city of Nanterre located?
65,In which country is the city of Bondoyo located?
66,In which country is the city of San Giustino located?
67,In which country is the city of Regoledo located?
68,In which country is the city of Pietracamela located?
69,In which country is the city of Villar de Torre located?
70,In which country is the city of Qutur located?
71,In which country is the city of Foster City located?
72,In which country is the city of Sankt Pantaleon located?
73,In which country is the city of San Felice located?
74,In which country is the city of Vlajkovac located?
75,In which country is the city of Pognano located?
76,In which country is the city of Ribeirao Preto located?
77,In which country is the city of Arnside located?
78,In which country is the city of Lincoln located?
79,In which country is the city of Fauville-en-Caux located?
80,In which country is the city of Theog located?
81,In which country is the city of Cayang located?
82,In which country is the city of Cliffcrest located?
83,In which country is the city of Ferreras de Abajo located?
84,In which country is the city of Hardin located?
85,In which country is the city of Dagotiere located?
86,In which country is the city of Novar Gardens located?
87,In which country is the city of Waddinxveen located?
88,In which country is the city of Luuq located?
89,In which country is the city of Nyiregyhaza located?
90,In which country is the city of Aksu located?
91,In which country is the city of Bhavani located?
92,In which country is the city of Orange located?
93,In which country is the city of Belgirate located?
94,In which country is the city of Glopaoudi located?
95,In which country is the city of Colonia Alvaro Obregon located?
96,In which country is the city of Mirocin located?
97,In which country is the city of Ixtapangajoya located?
98,In which country is the city of Estanzuela located?
99,In which country is the city of Ol'ginka located?
100,In which country is the city of Arnschwang located?
101,In which country is the city of Cocquio located?
102,In which country is the city of Bizana located?
103,In which country is the city of Goulia located?
104,In which country is the city of Rodange located?
105,In which country is the city of Vyartsilya located?
106,In which country is the city of Tausa located?
107,In which country is the city of Chelinta located?
108,In which country is the city of Champlan located?
109,In which country is the city of Bestovje located?
110,In which country is the city of Salza di Pinerolo located?
111,In which country is the city of Terskaya located?
112,In which country is the city of Drogeham located?
113,In which country is the city of Ballykelly located?
114,In which country is the city of Onkaparinga Hills located?
115,In which country is the city of Kratovo located?
116,In which country is the city of Trebbo located?
117,In which country is the city of Aalst located?
118,In which country is the city of Tigveni located?
119,In which country is the city of Middleton located?
120,In which country is the city of Canggou located?
121,In which country is the city of Terny located?
122,In which country is the city of Jobos located?
123,In which country is the city of Nellikkuppam located?
124,In which country is the city of Purani located?
125,In which country is the city of Jabalya located?
126,In which country is the city of Patrington located?
127,In which country is the city of Kavalerovo located?
128,In which country is the city of Gy located?
129,In which country is the city of Grand Island located?
130,In which country is the city of Geidam located?
131,In which country is the city of Anula located?
132,In which country is the city of Mount Clemens located?
133,In which country is the city of Tanais located?
134,In which country is the city of Angamali located?
135,In which country is the city of Metcalfe located?
136,In which country is the city of Bittou located?
137,In which country is the city of Kawagoe located?
138,In which country is the city of Knittlingen located?
139,In which country is the city of Taloy located?
140,In which country is the city of Gondia located?
141,In which country is the city of Roznov located?
142,In which country is the city of Ennevelin located?
143,In which country is the city of La Barasse located?
144,In which country is the city of Mirabello Sannitico located?
145,In which country is the city of Kearns located?
146,In which country is the city of Saint-Germain-les-Arpajon located?
147,In which country is the city of Cawood located?
148,In which country is the city of Boucau located?
149,In which country is the city of San Francisco located?
150,In which country is the city of Lazaro Cardenas (Chilil) located?
151,In which country is the city of Duboka located?
152,In which country is the city of Roseboro located?
153,In which country is the city of Saints located?
154,In which country is the city of Spentrup located?
155,In which country is the city of Bernice located?
156,In which country is the city of Fraccionamiento Monte Olivo located?
157,In which country is the city of Surup located?
158,In which country is the city of Willowvale located?
159,In which country is the city of Hawalli located?
160,In which country is the city of Grand-Champ located?
161,In which country is the city of Cuacuila located?
162,In which country is the city of Brehand located?
163,In which country is the city of Rockingham located?
164,In which country is the city of Vineuil located?
165,In which country is the city of Dakota City located?
166,In which country is the city of Vuwani located?
167,In which country is the city of Broussard located?
168,In which country is the city of Chelm located?
169,In which country is the city of Santa Barbara located?
170,In which country is the city of Lamagistere located?
171,In which country is the city of Ballypatrick located?
172,In which country is the city of San Jacinto located?
173,In which country is the city of Kaltan located?
174,In which country is the city of Vesela Dolyna located?
175,In which country is the city of Moimenta da Beira located?
176,In which country is the city of Zamayon located?
177,In which country is the city of Taroona located?
178,In which country is the city of Zernien located?
179,In which country is the city of Boonah located?
180,In which country is the city of Harwich Port located?
181,In which country is the city of High Rock located?
182,In which country is the city of Ryslinge located?
183,In which country is the city of Clinton located?
184,In which country is the city of Tilton-Northfield located?
185,In which country is the city of Kodiakro located?
186,In which country is the city of Purfleet-on-Thames located?
187,In which country is the city of Ramsey located?
188,In which country is the city of Tionesta located?
189,In which country is the city of Hauenstein located?
190,In which country is the city of Saint-Martin-de-Hinx located?
191,In which country is the city of City View located?
192,In which country is the city of Victorias located?
193,In which country is the city of Tekwane located?
194,In which country is the city of El Crucero located?
195,In which country is the city of Tutume located?
196,In which country is the city of La Mesilla located?
197,In which country is the city of Palma di Montechiaro located?
198,In which country is the city of Cusercoli located?
199,In which country is the city of Pugnac located?
200,In which country is the city of Azlor located?
201,In which country is the city of Soledad Atzompa located?
202,In which country is the city of Novy Jicin located?
203,In which country is the city of Ngolato located?
204,In which country is the city of Igarra located?
205,In which country is the city of Xocoyolzintla located?
206,In which country is the city of Jiang'an located?
207,In which country is the city of Kozje located?
208,In which country is the city of Eitorf located?
209,In which country is the city of Cevico de la Torre located?
210,In which country is the city of Pausa located?
211,In which country is the city of Turbo located?
212,In which country is the city of Foulayronnes located?
213,In which country is the city of Barrack Heights located?
214,In which country is the city of Cullompton located?
215,In which country is the city of Dukhan located?
216,In which country is the city of Ariyalur located?
217,In which country is the city of Bartow located?
218,In which country is the city of Gimbicho located?
219,In which country is the city of Conda located?
220,In which country is the city of Kimaya located?
221,In which country is the city of Torrecilla de la Abadesa located?
222,In which country is the city of San Lucas located?
223,In which country is the city of Trescasas located?
224,In which country is the city of Saturnino M. Laspiur located?
225,In which country is the city of Manisa located?
226,In which country is the city of Jordan located?
227,In which country is the city of Yunshan located?
228,In which country is the city of Beclean located?
229,In which country is the city of Ninghai located?
230,In which country is the city of Valley Park located?
231,In which country is the city of Frickenhausen located?
232,In which country is the city of Pontpoint located?
233,In which country is the city of Zschortau located?
234,In which country is the city of Schiffdorf located?
235,In which country is the city of La Tigra located?
236,In which country is the city of Fontanellato located?
237,In which country is the city of Liszki located?
238,In which country is the city of Ponoka located?
239,In which country is the city of Revilla del Campo located?
240,In which country is the city of Horvati located?
241,In which country is the city of Hugh Town located?
242,In which country is the city of Plailly located?
243,In which country is the city of Dahedian located?
244,In which country is the city of Hohenlockstedt located?
245,In which country is the city of Serre-les-Sapins located?
246,In which country is the city of Villa Luvianos located?
247,In which country is the city of La Cruz located?
248,In which country is the city of Vozuca located?
249,In which country is the city of Tyube located?
250,In which country is the city of Torquay located?
251,In which country is the city of Naga located?
252,In which country is the city of Otterbach located?
253,In which country is the city of Pers-Jussy located?
254,In which country is the city of Mammelzen located?
255,In which country is the city of Winkelhaid located?
256,In which country is the city of Camopi located?
257,In which country is the city of Greenfield located?
258,In which country is the city of Aninoasa located?
259,In which country is the city of Chabaihu located?
260,In which country is the city of Crevoladossola located?
261,In which country is the city of Lezaun located?
262,In which country is the city of Negredo located?
263,In which country is the city of Calantac located?
264,In which country is the city of Mayana located?
265,In which country is the city of Riva Presso Chieri located?
266,In which country is the city of Babbitt located?
267,In which country is the city of Brno located?
268,In which country is the city of Oakville located?
269,In which country is the city of Minggang located?
270,In which country is the city of Breitenfeld an der Rittschein located?
271,In which country is the city of Auronzo located?
272,In which country is the city of Momostenango located?
273,In which country is the city of Coolbellup located?
274,In which country is the city of Chatillon-la-Palud located?
275,In which country is the city of Butel located?
276,In which country is the city of Cerkno located?
277,In which country is the city of Valverde located?
278,In which country is the city of Sapucai located?
279,In which country is the city of Mezy-sur-Seine located?
280,In which country is the city of Lozovoye located?
281,In which country is the city of Plains located?
282,In which country is the city of Safranbolu located?
283,In which country is the city of Cartisoara located?
284,In which country is the city of Somero located?
285,In which country is the city of Detroya located?
286,In which country is the city of Persunari located?
287,In which country is the city of Ludwin located?
288,In which country is the city of La Genetouze located?
289,In which country is the city of Dunedoo located?
290,In which country is the city of Staryy Vovchynets located?
291,In which country is the city of Acxotla del Rio located?
292,In which country is the city of Baldwin Harbor located?
293,In which country is the city of Inonu located?
294,In which country is the city of Oberschwarzach located?
295,In which country is the city of Rothrist located?
296,In which country is the city of Madalena located?
297,In which country is the city of Thaba Nchu located?
298,In which country is the city of Ziki located?
299,In which country is the city of Gataia located?
300,In which country is the city of Bir el Hafey located?
301,In which country is the city of Muro de Aguas located?
302,In which country is the city of Asnieres-sur-Seine located?
303,In which country is the city of Trento located?
304,In which country is the city of Tring located?
305,In which country is the city of Gogounou located?
306,In which country is the city of Scandale located?
307,In which country is the city of Tavernelle located?
308,In which country is the city of San Sebastiano da Po located?
309,In which country is the city of Largs North located?
310,In which country is the city of Washington located?
311,In which country is the city of Krauthausen located?
312,In which country is the city of Costa-Barco located?
313,In which country is the city of Fairfax located?
314,In which country is the city of Herrera del Duque located?
315,In which country is the city of San Miguel located?
316,In which country is the city of K'ulashi located?
317,In which country is the city of Saint-Jean-des-Baisants located?
318,In which country is the city of Saulny located?
319,In which country is the city of Simeria located?
320,In which country is the city of Koningshooikt located?
321,In which country is the city of Vitez located?
322,In which country is the city of Parker located?
323,In which country is the city of Muye located?
324,In which country is the city of Saint-Quentin-de-Baron located?
325,In which country is the city of Walterboro located?
326,In which country is the city of Marble Bar located?
327,In which country is the city of Severiano Melo located?
328,In which country is the city of Nioulde located?
329,In which country is the city of Pouilly-les-Feurs located?
330,In which country is the city of Ottobrunn bei Muenchen located?
331,In which country is the city of Trento located?
332,In which country is the city of Berislavesti located?
333,In which country is the city of Worth am Main located?
334,In which country is the city of Larressore located?
335,In which country is the city of Bojanowo Stare located?
336,In which country is the city of Murehwa located?
337,In which country is the city of Zagorz located?
338,In which country is the city of Racovita located?
339,In which country is the city of Nirgua located?
340,In which country is the city of Ronco located?
341,In which country is the city of Laberweinting located?
342,In which country is the city of Huajintepec located?
343,In which country is the city of Kuchaiburi located?
344,In which country is the city of Pajaros located?
345,In which country is the city of Wooroloo located?
346,In which country is the city of Little Belize located?
347,In which country is the city of Pueblillo located?
348,In which country is the city of Saint-Leger-des-Vignes located?
349,In which country is the city of Cinkanse located?
350,In which country is the city of Oelsnitz located?
351,In which country is the city of Hemlock located?
352,In which country is the city of Hastiere-Lavaux located?
353,In which country is the city of Forstinning located?
354,In which country is the city of Garcia located?
355,In which country is the city of Fanzhuang located?
356,In which country is the city of Wallington located?
357,In which country is the city of Akersberga located?
358,In which country is the city of Montevago located?
359,In which country is the city of Swietochlowice located?
360,In which country is the city of Matoaca located?
361,In which country is the city of Lobuni located?
362,In which country is the city of Bourg-de-Thizy located?
363,In which country is the city of Castelnuovo del Garda located?
364,In which country is the city of Trinidad Garcia de la Cadena located?
365,In which country is the city of Solrod located?
366,In which country is the city of Milo located?
367,In which country is the city of Salvadios located?
368,In which country is the city of Madian located?
369,In which country is the city of George Enescu located?
370,In which country is the city of Saph located?
371,In which country is the city of Harrisville located?
372,In which country is the city of Rudersdorf located?
373,In which country is the city of Libiaz located?
374,In which country is the city of Laureana di Borrello located?
375,In which country is the city of Tonala located?
376,In which country is the city of Pixley located?
377,In which country is the city of Ormiston located?
378,In which country is the city of Magbehigouepa located?
379,In which country is the city of Sassandra located?
380,In which country is the city of Lyublino located?
381,In which country is the city of Kangani located?
382,In which country is the city of Uffelte located?
383,In which country is the city of Kameelkraal located?
384,In which country is the city of Lanoraie located?
385,In which country is the city of Morsum located?
386,In which country is the city of Lenningen located?
387,In which country is the city of Calendasco located?
388,In which country is the city of Poniec located?
389,In which country is the city of San Benedetto Val di Sambro located?
390,In which country is the city of Bounta located?
391,In which country is the city of Zacalaca located?
392,In which country is the city of Sayansk located?
393,In which country is the city of Tronville-en-Barrois located?
394,In which country is the city of Ginestra located?
395,In which country is the city of Pugchen Mumuntic located?
396,In which country is the city of Latour located?
397,In which country is the city of Lalbenque located?
398,In which country is the city of Macheng located?
399,In which country is the city of Bogatoye located?
400,In which country is the city of Lagow located?
401,In which country is the city of Sweetser located?
402,In which country is the city of Vega Alta located?
403,In which country is the city of El Ojuelo located?
404,In which country is the city of Shelter Island Heights located?
405,In which country is the city of Anyang located?
406,In which country is the city of Ouandegue located?
407,In which country is the city of Nijenheim located?
408,In which country is the city of Magacela located?
409,In which country is the city of Bordj Zemoura located?
410,In which country is the city of Santa Cruz located?
411,In which country is the city of La Estrella located?
412,In which country is the city of Toecksfors located?
413,In which country is the city of Smythes Creek located?
414,In which country is the city of Red Lion located?
415,In which country is the city of Loutra Aidhipsou located?
416,In which country is the city of Skoczow located?
417,In which country is the city of Grosse Pointe Woods located?
418,In which country is the city of Kokhma located?
419,In which country is the city of Houdan located?
420,In which country is the city of Jagtial located?
421,In which country is the city of Poiana Maggiore located?
422,In which country is the city of Krivyanskaya located?
423,In which country is the city of Werther located?
424,In which country is the city of Jupanesti located?
425,In which country is the city of Mamaroneck located?
426,In which country is the city of Cleres located?
427,In which country is the city of Valea Crisului located?
428,In which country is the city of Izobil'noye located?
429,In which country is the city of Volzhsky located?
430,In which country is the city of China located?
431,In which country is the city of Treppo Grande located?
432,In which country is the city of Carhuaz located?
433,In which country is the city of Ebejico located?
434,In which country is the city of Liliani located?
435,In which country is the city of Dabrowa Bialostocka located?
436,In which country is the city of Godstone located?
437,In which country is the city of Krumbach located?
438,In which country is the city of Duvan located?
439,In which country is the city of El Pino located?
440,In which country is the city of Hal Gharghur located?
441,In which country is the city of Gourane located?
442,In which country is the city of Lazani located?
443,In which country is the city of Gondecourt located?
444,In which country is the city of Sobotka located?
445,In which country is the city of Melbach located?
446,In which country is the city of Torresmenudas located?
447,In which country is the city of Correze located?
448,In which country is the city of Watertown located?
449,In which country is the city of Charvensod located?
450,In which country is the city of Chalan located?
451,In which country is the city of Essex Junction located?
452,In which country is the city of Arcey located?
453,In which country is the city of Sotouboua located?
454,In which country is the city of Grain located?
455,In which country is the city of Binga located?
456,In which country is the city of Boguchwala located?
457,In which country is the city of Butler located?
458,In which country is the city of Covington located?
459,In which country is the city of Vine Hill located?
460,In which country is the city of Lagoa Nova located?
461,In which country is the city of Teguela located?
462,In which country is the city of Santu Lussurgiu located?
463,In which country is the city of Drochtersen located?
464,In which country is the city of Bafretou located?
465,In which country is the city of Mallawi located?
466,In which country is the city of Gera Lario located?
467,In which country is the city of Koutiourou located?
468,In which country is the city of Kangavar located?
469,In which country is the city of Fort Fairfield located?
470,In which country is the city of Mandalay located?
471,In which country is the city of Bowil located?
472,In which country is the city of Vedaraniyam located?
473,In which country is the city of Wendell located?
474,In which country is the city of Seggiano located?
475,In which country is the city of Meneses de Campos located?
476,In which country is the city of Dekoa located?
477,In which country is the city of Punta Ocote located?
478,In which country is the city of Arzignano located?
479,In which country is the city of Kup located?
480,In which country is the city of Teolocholco located?
481,In which country is the city of Agnantero located?
482,In which country is the city of Augny located?
483,In which country is the city of Jahedpur located?
484,In which country is the city of Sutter located?
485,In which country is the city of Banza Damba located?
486,In which country is the city of Bahadurgarh located?
487,In which country is the city of Zell located?
488,In which country is the city of Heist located?
489,In which country is the city of Villedieu-sur-Indre located?
490,In which country is the city of Sagae located?
491,In which country is the city of Saint-Germain-sur-Morin located?
492,In which country is the city of Adamagui located?
493,In which country is the city of Ingram located?
494,In which country is the city of Limburg an der Lahn located?
495,In which country is the city of Kurskaya located?
496,In which country is the city of Badie located?
497,In which country is the city of Kropachevo located?
498,In which country is the city of Optasi located?
499,In which country is the city of Ciudad Bolivar located?
500,In which country is the city of Ovsyanka located?
501,In which country is the city of Juva located?
502,In which country is the city of Travagliato located?
503,In which country is the city of Avenel located?
504,In which country is the city of Krasnaya Polyana located?
505,In which country is the city of Angren located?
506,In which country is the city of Nganjuk located?
507,In which country is the city of Heppignies located?
508,In which country is the city of Burscough located?
509,In which country is the city of Loiyangalani located?
510,In which country is the city of Escheburg located?
511,In which country is the city of Travemuende located?
512,In which country is the city of Oraiokastro located?
513,In which country is the city of Zumpango del Rio located?
514,In which country is the city of Kaabo located?
515,In which country is the city of Belfair located?
516,In which country is the city of Varangeville located?
517,In which country is the city of Bogatyr' located?
518,In which country is the city of Georges Hall located?
519,In which country is the city of Regen located?
520,In which country is the city of Villard-de-Lans located?
521,In which country is the city of Waspan located?
522,In which country is the city of Lenbe located?
523,In which country is the city of El Guabo located?
524,In which country is the city of Iclod located?
525,In which country is the city of Olmos de Ojeda located?
526,In which country is the city of Vicksburg located?
527,In which country is the city of Waregem located?
528,In which country is the city of Konigswalde located?
529,In which country is the city of Turis located?
530,In which country is the city of Lake of the Woods located?
531,In which country is the city of Pilibhit located?
532,In which country is the city of Bidar located?
533,In which country is the city of Wilkesboro located?
534,In which country is the city of Caoqiao located?
535,In which country is the city of Bamoa located?
536,In which country is the city of Sant'Andrea del Garigliano located?
537,In which country is the city of Abejorral located?
538,In which country is the city of Argentat located?
539,In which country is the city of Khalabat located?
540,In which country is the city of Riegsee located?
541,In which country is the city of Centreville located?
542,In which country is the city of Phra Phutthabat located?
543,In which country is the city of Vasylivka located?
544,In which country is the city of Dryden located?
545,In which country is the city of Eagle Grove located?
546,In which country is the city of Oberdorf am Hochegg located?
547,In which country is the city of Colfax located?
548,In which country is the city of Wednesfield located?
549,In which country is the city of Villanueva del Campillo located?
550,In which country is the city of Zoresti located?
551,In which country is the city of Villanueva de Tapia located?
552,In which country is the city of Vigia located?
553,In which country is the city of Escanaba located?
554,In which country is the city of Little Round Lake located?
555,In which country is the city of San Mateo Ayecac located?
556,In which country is the city of Slobodnica located?
557,In which country is the city of Diano San Pietro located?
558,In which country is the city of Ramlose located?
559,In which country is the city of Padam located?
560,In which country is the city of Saes located?
561,In which country is the city of Loma de Yerbabuena located?
562,In which country is the city of Beure located?
563,In which country is the city of Koulikoro located?
564,In which country is the city of Kersaint-Plabennec located?
565,In which country is the city of Queens Village located?
566,In which country is the city of Pouzauges located?
567,In which country is the city of Ivangorod located?
568,In which country is the city of Rogatec located?
569,In which country is the city of Bouar located?
570,In which country is the city of Mayapusi located?
571,In which country is the city of El Eulma located?
572,In which country is the city of la Verneda i la Pau located?
573,In which country is the city of Tuncingo located?
574,In which country is the city of Sirakoro Meguetana located?
575,In which country is the city of Sulzheim located?
576,In which country is the city of Mindiloglion located?
577,In which country is the city of Marin located?
578,In which country is the city of Dhupgari located?
579,In which country is the city of Oytier-Saint-Oblas located?
580,In which country is the city of Fraccionamiento del Valle located?
581,In which country is the city of Vlachovice located?
582,In which country is the city of Manton located?
583,In which country is the city of Camp Swift located?
584,In which country is the city of Karpogory located?
585,In which country is the city of Molenstede located?
586,In which country is the city of South Milwaukee located?
587,In which country is the city of San Pablo located?
588,In which country is the city of Papenveer located?
589,In which country is the city of Koenigswinter located?
590,In which country is the city of Double Oak located?
591,In which country is the city of Saint-Paul located?
592,In which country is the city of Almoloya de Alquisiras located?
593,In which country is the city of Cinctorres located?
594,In which country is the city of Habas located?
595,In which country is the city of Kyaikkami located?
596,In which country is the city of Smith Center located?
597,In which country is the city of Flabougou located?
598,In which country is the city of Ixpantepec Nieves located?
599,In which country is the city of Jacarilla located?
600,In which country is the city of Monte located?
601,In which country is the city of Aura im Sinngrund located?
602,In which country is the city of Wakefield located?
603,In which country is the city of Zima located?
604,In which country is the city of Plastun located?
605,In which country is the city of Bungalow located?
606,In which country is the city of Vogelwijk located?
607,In which country is the city of Jankowice Rybnickie located?
608,In which country is the city of Stoke Goldington located?
609,In which country is the city of Al Kharjah located?
610,In which country is the city of Waterville located?
611,In which country is the city of Preetz located?
612,In which country is the city of Kumagunnam located?
613,In which country is the city of Ponte Felcino located?
614,In which country is the city of Altstatten located?
615,In which country is the city of Mu'minobod located?
616,In which country is the city of Dannes located?
617,In which country is the city of Dabburiya located?
618,In which country is the city of Las Higueras located?
619,In which country is the city of Kenilworth located?
620,In which country is the city of Conches-en-Ouche located?
621,In which country is the city of Viljakkala located?
622,In which country is the city of Grans located?
623,In which country is the city of Casalino located?
624,In which country is the city of Pogar located?
625,In which country is the city of Bad Kissingen located?
626,In which country is the city of Soldano located?
627,In which country is the city of Haseldorf located?
628,In which country is the city of Emiliano Zapata located?
629,In which country is the city of Marataizes located?
630,In which country is the city of Ispas located?
631,In which country is the city of Cill Airne located?
632,In which country is the city of Puebla del Salvador located?
633,In which country is the city of Tremont located?
634,In which country is the city of Capizzi located?
635,In which country is the city of Sermaises located?
636,In which country is the city of Slesin located?
637,In which country is the city of Uelzen located?
638,In which country is the city of Cormeilles-en-Parisis located?
639,In which country is the city of Clerac located?
640,In which country is the city of Toyebli located?
641,In which country is the city of Polesovice located?
642,In which country is the city of Bellecourt located?
643,In which country is the city of Santa Gertrudis Miramar located?
644,In which country is the city of Evijaervi located?
645,In which country is the city of Fermont located?
646,In which country is the city of San Pedro de Latarce located?
647,In which country is the city of Unadilla located?
648,In which country is the city of Pembroke located?
649,In which country is the city of Mawu located?
650,In which country is the city of Oudenburg located?
651,In which country is the city of Bergolo located?
652,In which country is the city of Anton located?
653,In which country is the city of Qingquan located?
654,In which country is the city of Tarqui located?
655,In which country is the city of Grosskorbetha located?
656,In which country is the city of Malinta located?
657,In which country is the city of Dubove located?
658,In which country is the city of San Buenaventura located?
659,In which country is the city of Banapur located?
660,In which country is the city of Lucany nad Nisou located?
661,In which country is the city of Saddle Brook located?
662,In which country is the city of Radebeul located?
663,In which country is the city of Carcavelos located?
664,In which country is the city of Biasong located?
665,In which country is the city of Lopuszna located?
666,In which country is the city of Tawang located?
667,In which country is the city of Castelnovo di Sotto located?
668,In which country is the city of Las Vegas located?
669,In which country is the city of Ciudad Dario located?
670,In which country is the city of Anthony located?
671,In which country is the city of Vladuleni located?
672,In which country is the city of Winooski located?
673,In which country is the city of Dabizhuang located?
674,"In which country is the city of Del Carmen, Surigao del Norte located?"
675,In which country is the city of San Pascual located?
676,In which country is the city of Banholt located?
677,In which country is the city of Kaqun located?
678,In which country is the city of Raiganj located?
679,In which country is the city of Storvorde located?
680,In which country is the city of Shirokoye located?
681,In which country is the city of Mojoagung located?
682,In which country is the city of Tlamixtlahuacan located?
683,In which country is the city of Wanzhou located?
684,In which country is the city of Manzana Quinta (La Canada) located?
685,In which country is the city of Garino located?
686,In which country is the city of Saint-Georges-du-Bois located?
687,In which country is the city of Al-'Ubur located?
688,In which country is the city of Donnerskirchen located?
689,In which country is the city of Santa Barbara located?
690,In which country is the city of Biale Blota located?
691,In which country is the city of Guehou located?
692,In which country is the city of Chinchani located?
693,In which country is the city of Zarah Sharan located?
694,In which country is the city of Giera located?
695,In which country is the city of Jamestown located?
696,In which country is the city of Shibin al Kawm located?
697,In which country is the city of Zandov located?
698,In which country is the city of Dabo located?
699,In which country is the city of Ustia located?
700,In which country is the city of La Canada located?
701,In which country is the city of Amou located?
702,In which country is the city of Marsa Matruh located?
703,In which country is the city of Otivar located?
704,In which country is the city of Jugureni located?
705,In which country is the city of Moustoir-Ac located?
706,In which country is the city of Manquiring located?
707,In which country is the city of Sangarebougou located?
708,In which country is the city of San Bartolo del Progreso located?
709,In which country is the city of Lidice located?
710,In which country is the city of Gaoniang located?
711,In which country is the city of Porto Azzurro located?
712,In which country is the city of Porto Judeu located?
713,In which country is the city of Gerbeviller located?
714,In which country is the city of Rollbach located?
715,In which country is the city of La Chapelle-sur-Crecy located?
716,In which country is the city of Lambrama located?
717,In which country is the city of Frassinelle Polesine located?
718,In which country is the city of Pennapiedimonte located?
719,In which country is the city of Manson located?
720,In which country is the city of Hain-Gruendau located?
721,In which country is the city of Kohimarama located?
722,In which country is the city of La Grande located?
723,In which country is the city of Ladon located?
724,In which country is the city of Schoetz located?
725,In which country is the city of Romford located?
726,In which country is the city of Castel Mella located?
727,In which country is the city of San Jose located?
728,In which country is the city of Tepeustu located?
729,In which country is the city of Haripur located?
730,In which country is the city of Chak One Hundred Twenty-one Nine Left located?
731,In which country is the city of Lower King located?
732,In which country is the city of Zaragoza located?
733,In which country is the city of Claypole located?
734,In which country is the city of Kelvin Grove located?
735,In which country is the city of Farciennes located?
736,In which country is the city of Phu Ly located?
737,In which country is the city of Bad Lobenstein located?
738,In which country is the city of San Fernando de Apure located?
739,In which country is the city of De Drait located?
740,In which country is the city of Mora located?
741,In which country is the city of Aquiles Serdan located?
742,In which country is the city of Grossarl located?
743,In which country is the city of Bernardin located?
744,In which country is the city of Werrington County located?
745,In which country is the city of Pervomayskoye located?
746,In which country is the city of Puerto Casma located?
747,In which country is the city of Popovo located?
748,In which country is the city of Tyndall located?
749,In which country is the city of San Esteban de Gormaz located?
750,In which country is the city of Cornedo Vicentino located?
751,In which country is the city of Inami located?
752,In which country is the city of Huetor Vega located?
753,In which country is the city of Kouroudoufla located?
754,In which country is the city of Datong located?
755,In which country is the city of Cardenajimeno located?
756,In which country is the city of Iiyama located?
757,In which country is the city of Obdach located?
758,In which country is the city of Saint Andrews located?
759,In which country is the city of Giacciano con Baruchella located?
760,In which country is the city of Samboal located?
761,In which country is the city of Mamontovka located?
762,In which country is the city of Decatur located?
763,In which country is the city of Palos Park located?
764,In which country is the city of Woodbury located?
765,In which country is the city of Village Saint George located?
766,In which country is the city of San Pedro Tetitlan located?
767,In which country is the city of Casselman located?
768,In which country is the city of Auvelais located?
769,In which country is the city of Addison located?
770,In which country is the city of Rujewa located?
771,In which country is the city of Perilla de Castro located?
772,In which country is the city of Soddy-Daisy located?
773,In which country is the city of Navalvillar de Pela located?
774,In which country is the city of Greenmount located?
775,In which country is the city of Wagenhoff located?
776,In which country is the city of San Isidro located?
777,In which country is the city of Likino-Dulevo located?
778,In which country is the city of Khanna located?
779,In which country is the city of Krosno located?
780,In which country is the city of Jaigaon located?
781,In which country is the city of Upper Burnie located?
782,In which country is the city of Oberleichtersbach located?
783,In which country is the city of Colonia Rincon Viejo located?
784,In which country is the city of Chalus located?
785,In which country is the city of Nedoboyvtsi located?
786,In which country is the city of Bocsig located?
787,In which country is the city of Szentkiraly located?
788,In which country is the city of Vaala located?
789,In which country is the city of Cerveteri located?
790,In which country is the city of Saint Simon Mills located?
791,In which country is the city of Canyon Rim located?
792,In which country is the city of Zoutkamp located?
793,In which country is the city of Chapin located?
794,In which country is the city of Alap located?
795,In which country is the city of Montecalvo Versiggia located?
796,In which country is the city of Spaske located?
797,In which country is the city of Badolato Marina located?
798,In which country is the city of Klonhtoug located?
799,In which country is the city of Oromocto located?
800,In which country is the city of Freienwill located?
801,In which country is the city of Comana de Sus located?
802,In which country is the city of Belgern located?
803,In which country is the city of Argir located?
804,In which country is the city of Beavercreek located?
805,In which country is the city of Trekhgornyy located?
806,In which country is the city of Luzarches located?
807,In which country is the city of Cervatto located?
808,In which country is the city of Tamandaro located?
809,In which country is the city of Parker located?
810,In which country is the city of Veverska Bityska located?
811,In which country is the city of Babyn located?
812,In which country is the city of Meliton Albanez Dominguez located?
813,In which country is the city of Rajaori located?
814,In which country is the city of Mogapi located?
815,In which country is the city of Mali Zvornik located?
816,In which country is the city of Atina located?
817,In which country is the city of Eschbach located?
818,In which country is the city of Wahagnies located?
819,In which country is the city of Santiago de Surco located?
820,In which country is the city of Kamsar located?
821,In which country is the city of Sint Laurens located?
822,In which country is the city of Jakartovice located?
823,In which country is the city of Okahao located?
824,In which country is the city of Cantalejo located?
825,In which country is the city of Gaolou located?
826,In which country is the city of Waldneukirchen located?
827,In which country is the city of Fara in Sabina located?
828,In which country is the city of Bikassi located?
829,In which country is the city of Balapur located?
830,In which country is the city of Churachandpur located?
831,In which country is the city of Vorwerk located?
832,In which country is the city of Chapallal Grande located?
833,In which country is the city of Hrozyntsi located?
834,In which country is the city of Jevisovice located?
835,In which country is the city of Artlenburg located?
836,In which country is the city of West Park located?
837,In which country is the city of Torchiarolo located?
838,In which country is the city of Zorawina located?
839,In which country is the city of Jastrzebia Gora located?
840,In which country is the city of Casole d'Elsa located?
841,In which country is the city of Saurimo located?
842,In which country is the city of Roscoe located?
843,In which country is the city of Richtenberg located?
844,In which country is the city of Shivani Pisa located?
845,In which country is the city of Danderhall located?
846,In which country is the city of Khelyulya located?
847,In which country is the city of San Carlos Autopan located?
848,In which country is the city of Brojce located?
849,In which country is the city of Linden located?
850,In which country is the city of Nasriganj located?
851,In which country is the city of Elgin located?
852,In which country is the city of Poppenricht located?
853,In which country is the city of Leichhardt located?
854,In which country is the city of Scandolara Ripa d'Oglio located?
855,In which country is the city of Mendes located?
856,In which country is the city of Cambutal located?
857,In which country is the city of Ambohidratrimo located?
858,In which country is the city of Montelupo Albese located?
859,In which country is the city of Ozelonacaxtla located?
860,In which country is the city of Casteldidone located?
861,In which country is the city of Lonar located?
862,In which country is the city of Balje located?
863,In which country is the city of Bulzesti located?
864,In which country is the city of Torrecuadradilla located?
865,In which country is the city of Shaowu located?
866,In which country is the city of al-Kum located?
867,In which country is the city of Mernda located?
868,In which country is the city of Ban Sam Chuk located?
869,In which country is the city of Landiras located?
870,In which country is the city of Nueva Santa Rosa located?
871,In which country is the city of Rayong located?
872,In which country is the city of San Francisco located?
873,In which country is the city of Asson located?
874,In which country is the city of Abbiategrasso located?
875,In which country is the city of Brenouille located?
876,In which country is the city of Pasuquin located?
877,In which country is the city of Steyning located?
878,In which country is the city of Ciudad Gustavo Diaz Ordaz located?
879,In which country is the city of Landscheid located?
880,In which country is the city of Taesal-li located?
881,In which country is the city of Shiremanstown located?
882,In which country is the city of Altenberg located?
883,In which country is the city of Leknica located?
884,In which country is the city of Koyelga located?
885,In which country is the city of Taylor located?
886,In which country is the city of Bad Schandau located?
887,In which country is the city of Eilbek located?
888,In which country is the city of Pante Makasar located?
889,In which country is the city of Tab located?
890,In which country is the city of Scharnegoutum located?
891,In which country is the city of Terryville located?
892,In which country is the city of Longgang located?
893,In which country is the city of Lovenjoel located?
894,In which country is the city of Sevignac located?
895,In which country is the city of Tumbagaan located?
896,In which country is the city of Lyall Bay located?
897,In which country is the city of Captieux located?
898,In which country is the city of Ceanu Mare located?
899,In which country is the city of Jacksboro located?
900,In which country is the city of Gamping Lor located?
901,In which country is the city of Fernway located?
902,In which country is the city of Karvina located?
903,In which country is the city of Noetinger located?
904,In which country is the city of Buttapietra located?
905,In which country is the city of Peralta located?
906,In which country is the city of Altenmedingen located?
907,In which country is the city of Roppolo located?
908,In which country is the city of Damboa located?
909,In which country is the city of Oxiacaque located?
910,In which country is the city of Las Canas located?
911,In which country is the city of San Pedro Zictepec located?
912,In which country is the city of Oeynhausen located?
913,In which country is the city of Glozan located?
914,In which country is the city of Giswil located?
915,In which country is the city of Castelluccio dei Sauri located?
916,In which country is the city of Burneside located?
917,In which country is the city of Valea Stramba located?
918,In which country is the city of Seyring located?
919,In which country is the city of Cranbourne located?
920,In which country is the city of Paliannunas located?
921,In which country is the city of Yihe located?
922,In which country is the city of Guanhaes located?
923,In which country is the city of Bolivar Peninsula located?
924,In which country is the city of Daykitin located?
925,In which country is the city of Eumemmerring located?
926,In which country is the city of Saint Albans located?
927,In which country is the city of Annezin located?
928,In which country is the city of San Roque located?
929,In which country is the city of Assab located?
930,In which country is the city of Tomendan located?
931,In which country is the city of Petit-Couronne located?
932,In which country is the city of Saint-Pierre-de-Varengeville located?
933,In which country is the city of Konan located?
934,In which country is the city of Kafr al Battikh located?
935,In which country is the city of Encantada-Ranchito-El Calaboz located?
936,In which country is the city of Saint-Coulomb located?
937,In which country is the city of Birenbach located?
938,In which country is the city of Spring Grove located?
939,In which country is the city of Wustenrot located?
940,In which country is the city of Oregon located?
941,In which country is the city of Fuhlsbuettel located?
942,In which country is the city of Independent Hill located?
943,In which country is the city of Hidden Meadows located?
944,In which country is the city of Wellington located?
945,In which country is the city of Esenler located?
946,In which country is the city of Kalsdonk located?
947,In which country is the city of Vals located?
948,In which country is the city of Ruda Slaska located?
949,In which country is the city of Bethel located?
950,In which country is the city of Meadela located?
951,In which country is the city of Alegrete located?
952,In which country is the city of Padborg located?
953,In which country is the city of Andalgala located?
954,In which country is the city of Hipona located?
955,In which country is the city of Mala located?
956,In which country is the city of San Rafael located?
957,In which country is the city of Bor located?
958,In which country is the city of San Pablo located?
959,In which country is the city of North English located?
960,In which country is the city of Bachhagel located?
961,In which country is the city of Gaogou located?
962,In which country is the city of Twin Lakes located?
963,In which country is the city of Deparati located?
964,In which country is the city of Brtnice located?
965,In which country is the city of Ciofrangeni located?
966,In which country is the city of Chatillon-sur-Seine located?
967,In which country is the city of Vanatori located?
968,In which country is the city of Jose Maria Pino Suarez (Nuevo Nahuapa) located?
969,In which country is the city of Bellingham located?
970,In which country is the city of Athens located?
971,In which country is the city of Alto Hospicio located?
972,In which country is the city of Katchre Essekro located?
973,In which country is the city of Canoves i Samalus located?
974,In which country is the city of Bodossipa located?
975,In which country is the city of Merklingen located?
976,In which country is the city of Santa Rita located?
977,In which country is the city of San Giuliano Terme located?
978,In which country is the city of Clenchwarton located?
979,In which country is the city of Cavaso del Tomba located?
980,In which country is the city of Darligen located?
981,In which country is the city of Blayney located?
982,In which country is the city of La Croix-Rouge located?
983,In which country is the city of Soc Trang located?
984,In which country is the city of Parque de Poblamiento Solidaridad located?
985,In which country is the city of Keita located?
986,In which country is the city of Tadotsu located?
987,In which country is the city of Paterna del Rio located?
988,In which country is the city of Stoob located?
989,In which country is the city of Kokory located?
990,In which country is the city of El Carmen located?
991,In which country is the city of Seeburg located?
992,In which country is the city of Vandenberg Space Force Base located?
993,In which country is the city of Monguelfo located?
994,In which country is the city of Valdobbiadene located?
995,In which country is the city of Stadtrandsiedlung Malchow located?
996,In which country is the city of Glenwood located?
997,In which country is the city of Southfield located?
998,In which country is the city of Cordoba (Santa Leticia) located?
999,In which country is the city of Acceglio located?
1000,In which country is the city of Vallo Torinese located?
1001,In which country is the city of Bideford located?
1002,In which country is the city of La Ermita located?
1003,In which country is the city of Slusovice located?
1004,In which country is the city of Cotgrave located?
1005,In which country is the city of Kodar located?
1006,In which country is the city of Nharea located?
1007,In which country is the city of Vadillo de la Sierra located?
1008,In which country is the city of Pavuluru located?
1009,In which country is the city of Dondar Quscu located?
1010,In which country is the city of Boca del Rio located?
1011,In which country is the city of Guadalupe located?
1012,In which country is the city of Oueleu located?
1013,In which country is the city of Dar Kulayb located?
1014,In which country is the city of Brandon located?
1015,In which country is the city of Soe located?
1016,In which country is the city of Ulefoss located?
1017,In which country is the city of Tiltepec located?
1018,In which country is the city of Zelistrzewo located?
1019,In which country is the city of Center located?
1020,In which country is the city of Bad Deutsch-Altenburg located?
1021,In which country is the city of Empoli located?
1022,In which country is the city of Alarcon located?
1023,In which country is the city of Elimbah located?
1024,In which country is the city of Weigelstown located?
1025,In which country is the city of Ben Lomond located?
1026,In which country is the city of Dorverden located?
1027,In which country is the city of Ambon located?
1028,In which country is the city of Tumba located?
1029,In which country is the city of Moyogalpa located?
1030,In which country is the city of Cuitiva located?
1031,In which country is the city of Boulange located?
1032,In which country is the city of Umbita located?
1033,In which country is the city of Tarch'a Sodo located?
1034,In which country is the city of Mudbidri located?
1035,In which country is the city of Annan located?
1036,In which country is the city of Portes Gil located?
1037,In which country is the city of Priamurskiy located?
1038,In which country is the city of Nizhniy Ufaley located?
1039,In which country is the city of Bassett located?
1040,In which country is the city of Sahabo located?
1041,In which country is the city of Bucsesti located?
1042,In which country is the city of Valle Martella located?
1043,In which country is the city of Namest nad Oslavou located?
1044,In which country is the city of Albany located?
1045,In which country is the city of Agua Caliente located?
1046,In which country is the city of Xochinanacatlan located?
1047,In which country is the city of Skanes located?
1048,In which country is the city of Leones East located?
1049,In which country is the city of Wenshang located?
1050,In which country is the city of El Estor located?
1051,In which country is the city of Ahorn located?
1052,In which country is the city of Renazzo located?
1053,In which country is the city of Cheste located?
1054,In which country is the city of La Compania located?
1055,In which country is the city of Fara Filiorum Petri located?
1056,In which country is the city of Valsequillo de Gran Canaria located?
1057,In which country is the city of Er Reina located?
1058,In which country is the city of Groix located?
1059,In which country is the city of Southshore located?
1060,In which country is the city of Teora located?
1061,In which country is the city of Mangorei located?
1062,In which country is the city of Apastovo located?
1063,In which country is the city of Olves located?
1064,In which country is the city of Holtzwihr located?
1065,In which country is the city of Pila located?
1066,In which country is the city of Mezdra located?
1067,In which country is the city of Vrani located?
1068,In which country is the city of Pradera located?
1069,In which country is the city of Tower located?
1070,In which country is the city of Dylym located?
1071,In which country is the city of La Boissiere-de-Montaigu located?
1072,In which country is the city of Vinzons located?
1073,In which country is the city of St. Day located?
1074,In which country is the city of San Marino located?
1075,In which country is the city of Schulzendorf located?
1076,In which country is the city of Visina located?
1077,In which country is the city of Norbury located?
1078,In which country is the city of Cambe located?
1079,In which country is the city of Southwell located?
1080,In which country is the city of Budziszewice located?
1081,In which country is the city of La Trinidad located?
1082,In which country is the city of Lumangbayan located?
1083,In which country is the city of Mierlo located?
1084,In which country is the city of Valmiera located?
1085,In which country is the city of Vonitsa located?
1086,In which country is the city of Chiknayakanhalli located?
1087,In which country is the city of Longano located?
1088,In which country is the city of Caseros located?
1089,In which country is the city of Lommel located?
1090,In which country is the city of La Bouverie located?
1091,In which country is the city of Offanengo located?
1092,In which country is the city of Ulmen located?
1093,In which country is the city of Maloye Isakovo located?
1094,In which country is the city of Chesterfield located?
1095,In which country is the city of Simontornya located?
1096,In which country is the city of Babushkin located?
1097,In which country is the city of Accomac located?
1098,In which country is the city of Zhuzhai located?
1099,In which country is the city of Frampton on Severn located?
1100,In which country is the city of Guinisiliban located?
1101,In which country is the city of Scillato located?
1102,In which country is the city of Romaniv located?
1103,In which country is the city of Calongbuyan located?
1104,In which country is the city of Ruinen located?
1105,In which country is the city of Bristol located?
1106,In which country is the city of Huermeces del Cerro located?
1107,In which country is the city of Pescina located?
1108,In which country is the city of Mours-Saint-Eusebe located?
1109,In which country is the city of Rio Duque located?
1110,In which country is the city of Zhuyuan located?
1111,In which country is the city of Zelienople located?
1112,In which country is the city of Xinzhi located?
1113,In which country is the city of Calarca located?
1114,In which country is the city of San Tin located?
1115,In which country is the city of Tactic located?
1116,In which country is the city of Ronco located?
1117,In which country is the city of Bomi located?
1118,In which country is the city of El Letrero located?
1119,In which country is the city of Ertil' located?
1120,In which country is the city of Savasse located?
1121,In which country is the city of Deyang located?
1122,In which country is the city of Lupi located?
1123,In which country is the city of Csakvar located?
1124,In which country is the city of Santa Maria Jacatepec located?
1125,In which country is the city of Daulatpur located?
1126,In which country is the city of Deux-Montagnes located?
1127,In which country is the city of Postrekov located?
1128,In which country is the city of Dudinka located?
1129,In which country is the city of Convoy located?
1130,In which country is the city of Saint-Maur located?
1131,In which country is the city of Prince Albert located?
1132,In which country is the city of Krog located?
1133,In which country is the city of Villanueva del Fresno located?
1134,In which country is the city of Cabrero located?
1135,In which country is the city of Sibulan located?
1136,In which country is the city of Veguillas de la Sierra located?
1137,In which country is the city of Viereth-Trunstadt located?
1138,In which country is the city of Radaur located?
1139,In which country is the city of Hamilton located?
1140,In which country is the city of Torhout located?
1141,In which country is the city of La Garde located?
1142,In which country is the city of Na Wa located?
1143,In which country is the city of Sudogda located?
1144,In which country is the city of Liwonde located?
1145,In which country is the city of Lakeland located?
1146,In which country is the city of Charbonnieres-les-Bains located?
1147,In which country is the city of Landstuhl located?
1148,In which country is the city of Onigo located?
1149,In which country is the city of Novorozhdestvenskaya located?
1150,In which country is the city of Ashtabula located?
1151,In which country is the city of Parit Buntar located?
1152,In which country is the city of Sermonde located?
1153,In which country is the city of Alegria located?
1154,In which country is the city of Ainaloa located?
1155,In which country is the city of Valdeolivas located?
1156,In which country is the city of Harbury located?
1157,In which country is the city of San Francisco Mazapa located?
1158,In which country is the city of Mahbubabad located?
1159,In which country is the city of Oakwood located?
1160,In which country is the city of Xilocuautla located?
1161,In which country is the city of Brandon located?
1162,In which country is the city of Boychinovtsi located?
1163,In which country is the city of Groveton located?
1164,In which country is the city of Maudaha located?
1165,In which country is the city of Gowarczow located?
1166,In which country is the city of Harrisburg located?
1167,In which country is the city of Zdolbuniv located?
1168,In which country is the city of Radomysl located?
1169,In which country is the city of Soorts located?
1170,In which country is the city of Sayani located?
1171,In which country is the city of Taphan Hin located?
1172,In which country is the city of Morristown located?
1173,In which country is the city of Rehau located?
1174,In which country is the city of Aibetsu located?
1175,In which country is the city of Spilinga located?
1176,In which country is the city of Bojszowy located?
1177,In which country is the city of Novhorodka located?
1178,In which country is the city of Gozon located?
1179,In which country is the city of Harduf located?
1180,In which country is the city of Mill Valley located?
1181,In which country is the city of Holubivka located?
1182,In which country is the city of Hinchley Wood located?
1183,In which country is the city of Greatham located?
1184,In which country is the city of Clisson located?
1185,In which country is the city of Las Canadas located?
1186,In which country is the city of Montafia located?
1187,In which country is the city of Maddingley located?
1188,In which country is the city of Lystrup located?
1189,In which country is the city of Vlachovo Brezi located?
1190,In which country is the city of Itapicuru located?
1191,In which country is the city of Redmond located?
1192,In which country is the city of Oberperfuss located?
1193,In which country is the city of Douar Tindja located?
1194,In which country is the city of Rosegg located?
1195,In which country is the city of Fergus located?
1196,In which country is the city of Borgo Pace located?
1197,In which country is the city of Enying located?
1198,In which country is the city of Taut located?
1199,In which country is the city of Abasolo located?
1200,In which country is the city of Huata located?
1201,In which country is the city of Tulsipur located?
1202,In which country is the city of Narvik located?
1203,In which country is the city of Vermilion located?
1204,In which country is the city of Brighstone located?
1205,In which country is the city of Semirara located?
1206,In which country is the city of Franklin Furnace located?
1207,In which country is the city of Elixku located?
1208,In which country is the city of Dolno Palciste located?
1209,In which country is the city of Belmont located?
1210,In which country is the city of Villa Tapia located?
1211,In which country is the city of Quinapundan located?
1212,In which country is the city of Yecla de Yeltes located?
1213,In which country is the city of Zlatibor located?
1214,In which country is the city of Neukirch located?
1215,In which country is the city of Santiago Momoxpan located?
1216,In which country is the city of Ralingen located?
1217,In which country is the city of Compostela located?
1218,In which country is the city of Pandacaqui located?
1219,In which country is the city of Forrestdale located?
1220,In which country is the city of Segovia located?
1221,In which country is the city of Gayndah located?
1222,In which country is the city of Abaigar located?
1223,In which country is the city of Tha Ruea located?
1224,In which country is the city of Javier Rojo Gomez located?
1225,In which country is the city of Kingsland located?
1226,In which country is the city of Ginch'i located?
1227,In which country is the city of Villalobar de Rioja located?
1228,In which country is the city of Acquaviva delle Fonti located?
1229,In which country is the city of Luray located?
1230,In which country is the city of Aups located?
1231,In which country is the city of Lido degli Estensi located?
1232,In which country is the city of Wurenlos located?
1233,In which country is the city of Argelato located?
1234,In which country is the city of Shanmen located?
1235,In which country is the city of Thoubal located?
1236,In which country is the city of Satama-Sokoro located?
1237,In which country is the city of Irassuenou located?
1238,In which country is the city of Palazzo Canavese located?
1239,In which country is the city of Melksham located?
1240,In which country is the city of Villaverde located?
1241,In which country is the city of Minglanilla located?
1242,In which country is the city of Clairvaux-les-Lacs located?
1243,In which country is the city of Simijaca located?
1244,In which country is the city of Sandikli located?
1245,In which country is the city of Cirie located?
1246,In which country is the city of Santa Fe located?
1247,In which country is the city of Nichols Point located?
1248,In which country is the city of La Luz located?
1249,In which country is the city of Oberlin located?
1250,In which country is the city of Qishan located?
1251,In which country is the city of La Independencia (Las Pilas) located?
1252,In which country is the city of Fantanele located?
1253,In which country is the city of El Bolson located?
1254,In which country is the city of Anould located?
1255,In which country is the city of Lacugnano located?
1256,In which country is the city of Mazancowice located?
1257,In which country is the city of North Terre Haute located?
1258,In which country is the city of Mogosesti-Siret located?
1259,In which country is the city of Kerestinec located?
1260,In which country is the city of Didwana located?
1261,In which country is the city of Sanjo located?
1262,In which country is the city of Menfi located?
1263,In which country is the city of Yushu located?
1264,In which country is the city of Nyamuswa located?
1265,In which country is the city of Chadbourn located?
1266,In which country is the city of Laurel Lake located?
1267,In which country is the city of Grignano Polesine located?
1268,In which country is the city of Blackwood located?
1269,In which country is the city of Boumalne Dades located?
1270,In which country is the city of Santarem located?
1271,In which country is the city of Humulesti located?
1272,In which country is the city of Santo Stefano di Rogliano located?
1273,In which country is the city of Los Navalmorales located?
1274,In which country is the city of Farmersburg located?
1275,In which country is the city of Stadt Winterthur (Kreis 1) / Heiligberg located?
1276,In which country is the city of Sant Feliu de Guixols located?
1277,In which country is the city of Bcharre located?
1278,In which country is the city of Yaplassou located?
1279,In which country is the city of Roxas located?
1280,In which country is the city of Pfaffenhofen located?
1281,In which country is the city of Solaro located?
1282,In which country is the city of Washington located?
1283,In which country is the city of Sant'Agata Li Battiati located?
1284,In which country is the city of Grunendeich located?
1285,In which country is the city of Sigatoka located?
1286,In which country is the city of Kirkuk located?
1287,In which country is the city of Hilbert located?
1288,In which country is the city of Lasbek located?
1289,In which country is the city of MesillatTsiyyon located?
1290,In which country is the city of Gorgonzola located?
1291,In which country is the city of Ersekcsanad located?
1292,In which country is the city of Zlynka located?
1293,In which country is the city of Casciana Terme located?
1294,In which country is the city of Santiago Sacatepequez located?
1295,In which country is the city of Carnarvon located?
1296,In which country is the city of Harvington located?
1297,In which country is the city of Guignicourt located?
1298,In which country is the city of Chateaufort located?
1299,In which country is the city of Laguna Seca located?
1300,In which country is the city of Montalban located?
1301,In which country is the city of Ksar Chellala located?
1302,In which country is the city of Mandanici located?
1303,In which country is the city of Steyl located?
1304,In which country is the city of La Escondida located?
1305,In which country is the city of Walthourville located?
1306,In which country is the city of Domaa-Ahenkro located?
1307,In which country is the city of Grumes located?
1308,In which country is the city of Vinsobres located?
1309,In which country is the city of Pennsboro located?
1310,In which country is the city of Laizhou located?
1311,In which country is the city of Tafi Viejo located?
1312,In which country is the city of Huryivka located?
1313,In which country is the city of Frontovoye located?
1314,In which country is the city of Cruz del Milagro located?
1315,In which country is the city of Sitarganj located?
1316,In which country is the city of Basna located?
1317,In which country is the city of Parenti located?
1318,In which country is the city of Siilinjaervi located?
1319,In which country is the city of Alparea located?
1320,In which country is the city of Saku located?
1321,In which country is the city of Clarendon located?
1322,In which country is the city of Lhokseumawe located?
1323,In which country is the city of Alamo Heights located?
1324,In which country is the city of Huxley located?
1325,In which country is the city of Kubuta located?
1326,In which country is the city of Morgans Point Resort located?
1327,In which country is the city of Kotel'nich located?
1328,In which country is the city of La Cumbre located?
1329,In which country is the city of Maiden Newton located?
1330,In which country is the city of Lewisville located?
1331,In which country is the city of Fonsagrada located?
1332,In which country is the city of Unterneukirchen located?
1333,In which country is the city of Rodniki located?
1334,In which country is the city of Sviblovo located?
1335,In which country is the city of Gazi located?
1336,In which country is the city of Buenavista located?
1337,In which country is the city of Domvraina located?
1338,In which country is the city of Mairano located?
1339,In which country is the city of Lakin located?
1340,In which country is the city of Deltaville located?
1341,In which country is the city of Wegierska Gorka located?
1342,In which country is the city of Enugu-Ukwu located?
1343,In which country is the city of Villeneuve-les-Bouloc located?
1344,In which country is the city of Valros located?
1345,In which country is the city of Legnickie Pole located?
1346,In which country is the city of Dlutow located?
1347,In which country is the city of Fairchild Air Force Base located?
1348,In which country is the city of Aourossua located?
1349,In which country is the city of Saint-Jean-la-Poterie located?
1350,In which country is the city of Igcocolo located?
1351,In which country is the city of Fines located?
1352,In which country is the city of Sancraiu de Mures located?
1353,In which country is the city of Orlovista located?
1354,In which country is the city of Ghergheasa located?
1355,In which country is the city of Champtoceaux located?
1356,In which country is the city of Francheleins located?
1357,In which country is the city of PRI Chacon located?
1358,In which country is the city of Aita Mare located?
1359,In which country is the city of Castiglion Fibocchi located?
1360,In which country is the city of Au in der Hallertau located?
1361,In which country is the city of Hanvec located?
1362,In which country is the city of Droesing located?
1363,In which country is the city of Lukavec located?
1364,In which country is the city of East Glenville located?
1365,In which country is the city of Gunyazi located?
1366,In which country is the city of Gorzow Wielkopolski located?
1367,In which country is the city of Bingtuan Sanshiliu Tuan located?
1368,In which country is the city of Cidones located?
1369,In which country is the city of Zakrzew located?
1370,In which country is the city of Kaydaki located?
1371,In which country is the city of Sihochac located?
