question,answer,filtered_answer,correct_answer,is_correct
Which team finished in position 1 in the 2010-2011 Premier League?,-,-,Manchester Utd,-
Which team finished in position 2 in the 2010-2011 Premier League?,-,-,Chelsea,-
Which team finished in position 3 in the 2010-2011 Premier League?,-,-,Manchester City,-
Which team finished in position 4 in the 2010-2011 Premier League?,-,-,Arsenal,-
Which team finished in position 5 in the 2010-2011 Premier League?,-,-,Tottenham,-
Which team finished in position 6 in the 2010-2011 Premier League?,-,-,Liverpool,-
Which team finished in position 7 in the 2010-2011 Premier League?,-,-,Everton,-
Which team finished in position 8 in the 2010-2011 Premier League?,-,-,Fulham,-
Which team finished in position 9 in the 2010-2011 Premier League?,-,-,Aston Villa,-
Which team finished in position 10 in the 2010-2011 Premier League?,-,-,Sunderland,-
Which team finished in position 11 in the 2010-2011 Premier League?,-,-,West Brom,-
Which team finished in position 12 in the 2010-2011 Premier League?,-,-,Newcastle Utd,-
Which team finished in position 13 in the 2010-2011 Premier League?,-,-,Stoke City,-
Which team finished in position 14 in the 2010-2011 Premier League?,-,-,Bolton,-
Which team finished in position 15 in the 2010-2011 Premier League?,-,-,Blackburn,-
Which team finished in position 16 in the 2010-2011 Premier League?,-,-,Wigan Athletic,-
Which team finished in position 17 in the 2010-2011 Premier League?,-,-,Wolves,-
Which team finished in position 18 in the 2010-2011 Premier League?,-,-,Birmingham City,-
Which team finished in position 19 in the 2010-2011 Premier League?,-,-,Blackpool,-
Which team finished in position 20 in the 2010-2011 Premier League?,-,-,West Ham,-
Which team finished in position 1 in the 2011-2012 Premier League?,-,-,Manchester City,-
Which team finished in position 2 in the 2011-2012 Premier League?,-,-,Manchester Utd,-
Which team finished in position 3 in the 2011-2012 Premier League?,-,-,Arsenal,-
Which team finished in position 4 in the 2011-2012 Premier League?,-,-,Tottenham,-
Which team finished in position 5 in the 2011-2012 Premier League?,-,-,Newcastle Utd,-
Which team finished in position 6 in the 2011-2012 Premier League?,-,-,Chelsea,-
Which team finished in position 7 in the 2011-2012 Premier League?,-,-,Everton,-
Which team finished in position 8 in the 2011-2012 Premier League?,-,-,Liverpool,-
Which team finished in position 9 in the 2011-2012 Premier League?,-,-,Fulham,-
Which team finished in position 10 in the 2011-2012 Premier League?,-,-,West Brom,-
Which team finished in position 11 in the 2011-2012 Premier League?,-,-,Swansea City,-
Which team finished in position 12 in the 2011-2012 Premier League?,-,-,Norwich City,-
Which team finished in position 13 in the 2011-2012 Premier League?,-,-,Sunderland,-
Which team finished in position 14 in the 2011-2012 Premier League?,-,-,Stoke City,-
Which team finished in position 15 in the 2011-2012 Premier League?,-,-,Wigan Athletic,-
Which team finished in position 16 in the 2011-2012 Premier League?,-,-,Aston Villa,-
Which team finished in position 17 in the 2011-2012 Premier League?,-,-,QPR,-
Which team finished in position 18 in the 2011-2012 Premier League?,-,-,Bolton,-
Which team finished in position 19 in the 2011-2012 Premier League?,-,-,Blackburn,-
Which team finished in position 20 in the 2011-2012 Premier League?,-,-,Wolves,-
Which team finished in position 1 in the 2012-2013 Premier League?,-,-,Manchester Utd,-
Which team finished in position 2 in the 2012-2013 Premier League?,-,-,Manchester City,-
Which team finished in position 3 in the 2012-2013 Premier League?,-,-,Chelsea,-
Which team finished in position 4 in the 2012-2013 Premier League?,-,-,Arsenal,-
Which team finished in position 5 in the 2012-2013 Premier League?,-,-,Tottenham,-
Which team finished in position 6 in the 2012-2013 Premier League?,-,-,Everton,-
Which team finished in position 7 in the 2012-2013 Premier League?,-,-,Liverpool,-
Which team finished in position 8 in the 2012-2013 Premier League?,-,-,West Brom,-
Which team finished in position 9 in the 2012-2013 Premier League?,-,-,Swansea City,-
Which team finished in position 10 in the 2012-2013 Premier League?,-,-,West Ham,-
Which team finished in position 11 in the 2012-2013 Premier League?,-,-,Norwich City,-
Which team finished in position 12 in the 2012-2013 Premier League?,-,-,Fulham,-
Which team finished in position 13 in the 2012-2013 Premier League?,-,-,Stoke City,-
Which team finished in position 14 in the 2012-2013 Premier League?,-,-,Southampton,-
Which team finished in position 15 in the 2012-2013 Premier League?,-,-,Aston Villa,-
Which team finished in position 16 in the 2012-2013 Premier League?,-,-,Newcastle Utd,-
Which team finished in position 17 in the 2012-2013 Premier League?,-,-,Sunderland,-
Which team finished in position 18 in the 2012-2013 Premier League?,-,-,Wigan Athletic,-
Which team finished in position 19 in the 2012-2013 Premier League?,-,-,Reading,-
Which team finished in position 20 in the 2012-2013 Premier League?,-,-,QPR,-
Which team finished in position 1 in the 2013-2014 Premier League?,-,-,Manchester City,-
Which team finished in position 2 in the 2013-2014 Premier League?,-,-,Liverpool,-
Which team finished in position 3 in the 2013-2014 Premier League?,-,-,Chelsea,-
Which team finished in position 4 in the 2013-2014 Premier League?,-,-,Arsenal,-
Which team finished in position 5 in the 2013-2014 Premier League?,-,-,Everton,-
Which team finished in position 6 in the 2013-2014 Premier League?,-,-,Tottenham,-
Which team finished in position 7 in the 2013-2014 Premier League?,-,-,Manchester Utd,-
Which team finished in position 8 in the 2013-2014 Premier League?,-,-,Southampton,-
Which team finished in position 9 in the 2013-2014 Premier League?,-,-,Stoke City,-
Which team finished in position 10 in the 2013-2014 Premier League?,-,-,Newcastle Utd,-
Which team finished in position 11 in the 2013-2014 Premier League?,-,-,Crystal Palace,-
Which team finished in position 12 in the 2013-2014 Premier League?,-,-,Swansea City,-
Which team finished in position 13 in the 2013-2014 Premier League?,-,-,West Ham,-
Which team finished in position 14 in the 2013-2014 Premier League?,-,-,Sunderland,-
Which team finished in position 15 in the 2013-2014 Premier League?,-,-,Aston Villa,-
Which team finished in position 16 in the 2013-2014 Premier League?,-,-,Hull City,-
Which team finished in position 17 in the 2013-2014 Premier League?,-,-,West Brom,-
Which team finished in position 18 in the 2013-2014 Premier League?,-,-,Norwich City,-
Which team finished in position 19 in the 2013-2014 Premier League?,-,-,Fulham,-
Which team finished in position 20 in the 2013-2014 Premier League?,-,-,Cardiff City,-
Which team finished in position 1 in the 2014-2015 Premier League?,-,-,Chelsea,-
Which team finished in position 2 in the 2014-2015 Premier League?,-,-,Manchester City,-
Which team finished in position 3 in the 2014-2015 Premier League?,-,-,Arsenal,-
Which team finished in position 4 in the 2014-2015 Premier League?,-,-,Manchester Utd,-
Which team finished in position 5 in the 2014-2015 Premier League?,-,-,Tottenham,-
Which team finished in position 6 in the 2014-2015 Premier League?,-,-,Liverpool,-
Which team finished in position 7 in the 2014-2015 Premier League?,-,-,Southampton,-
Which team finished in position 8 in the 2014-2015 Premier League?,-,-,Swansea City,-
Which team finished in position 9 in the 2014-2015 Premier League?,-,-,Stoke City,-
Which team finished in position 10 in the 2014-2015 Premier League?,-,-,Crystal Palace,-
Which team finished in position 11 in the 2014-2015 Premier League?,-,-,Everton,-
Which team finished in position 12 in the 2014-2015 Premier League?,-,-,West Ham,-
Which team finished in position 13 in the 2014-2015 Premier League?,-,-,West Brom,-
Which team finished in position 14 in the 2014-2015 Premier League?,-,-,Leicester City,-
Which team finished in position 15 in the 2014-2015 Premier League?,-,-,Newcastle Utd,-
Which team finished in position 16 in the 2014-2015 Premier League?,-,-,Sunderland,-
Which team finished in position 17 in the 2014-2015 Premier League?,-,-,Aston Villa,-
Which team finished in position 18 in the 2014-2015 Premier League?,-,-,Hull City,-
Which team finished in position 19 in the 2014-2015 Premier League?,-,-,Burnley,-
Which team finished in position 20 in the 2014-2015 Premier League?,-,-,QPR,-
Which team finished in position 1 in the 2015-2016 Premier League?,-,-,Leicester City,-
Which team finished in position 2 in the 2015-2016 Premier League?,-,-,Arsenal,-
Which team finished in position 3 in the 2015-2016 Premier League?,-,-,Tottenham,-
Which team finished in position 4 in the 2015-2016 Premier League?,-,-,Manchester City,-
Which team finished in position 5 in the 2015-2016 Premier League?,-,-,Manchester Utd,-
Which team finished in position 6 in the 2015-2016 Premier League?,-,-,Southampton,-
Which team finished in position 7 in the 2015-2016 Premier League?,-,-,West Ham,-
Which team finished in position 8 in the 2015-2016 Premier League?,-,-,Liverpool,-
Which team finished in position 9 in the 2015-2016 Premier League?,-,-,Stoke City,-
Which team finished in position 10 in the 2015-2016 Premier League?,-,-,Chelsea,-
Which team finished in position 11 in the 2015-2016 Premier League?,-,-,Everton,-
Which team finished in position 12 in the 2015-2016 Premier League?,-,-,Swansea City,-
Which team finished in position 13 in the 2015-2016 Premier League?,-,-,Watford,-
Which team finished in position 14 in the 2015-2016 Premier League?,-,-,West Brom,-
Which team finished in position 15 in the 2015-2016 Premier League?,-,-,Crystal Palace,-
Which team finished in position 16 in the 2015-2016 Premier League?,-,-,Bournemouth,-
Which team finished in position 17 in the 2015-2016 Premier League?,-,-,Sunderland,-
Which team finished in position 18 in the 2015-2016 Premier League?,-,-,Newcastle Utd,-
Which team finished in position 19 in the 2015-2016 Premier League?,-,-,Norwich City,-
Which team finished in position 20 in the 2015-2016 Premier League?,-,-,Aston Villa,-
Which team finished in position 1 in the 2016-2017 Premier League?,-,-,Chelsea,-
Which team finished in position 2 in the 2016-2017 Premier League?,-,-,Tottenham,-
Which team finished in position 3 in the 2016-2017 Premier League?,-,-,Manchester City,-
Which team finished in position 4 in the 2016-2017 Premier League?,-,-,Liverpool,-
Which team finished in position 5 in the 2016-2017 Premier League?,-,-,Arsenal,-
Which team finished in position 6 in the 2016-2017 Premier League?,-,-,Manchester Utd,-
Which team finished in position 7 in the 2016-2017 Premier League?,-,-,Everton,-
Which team finished in position 8 in the 2016-2017 Premier League?,-,-,Southampton,-
Which team finished in position 9 in the 2016-2017 Premier League?,-,-,Bournemouth,-
Which team finished in position 10 in the 2016-2017 Premier League?,-,-,West Brom,-
Which team finished in position 11 in the 2016-2017 Premier League?,-,-,West Ham,-
Which team finished in position 12 in the 2016-2017 Premier League?,-,-,Leicester City,-
Which team finished in position 13 in the 2016-2017 Premier League?,-,-,Stoke City,-
Which team finished in position 14 in the 2016-2017 Premier League?,-,-,Crystal Palace,-
Which team finished in position 15 in the 2016-2017 Premier League?,-,-,Swansea City,-
Which team finished in position 16 in the 2016-2017 Premier League?,-,-,Burnley,-
Which team finished in position 17 in the 2016-2017 Premier League?,-,-,Watford,-
Which team finished in position 18 in the 2016-2017 Premier League?,-,-,Hull City,-
Which team finished in position 19 in the 2016-2017 Premier League?,-,-,Middlesbrough,-
Which team finished in position 20 in the 2016-2017 Premier League?,-,-,Sunderland,-
Which team finished in position 1 in the 2017-2018 Premier League?,-,-,Manchester City,-
Which team finished in position 2 in the 2017-2018 Premier League?,-,-,Manchester Utd,-
Which team finished in position 3 in the 2017-2018 Premier League?,-,-,Tottenham,-
Which team finished in position 4 in the 2017-2018 Premier League?,-,-,Liverpool,-
Which team finished in position 5 in the 2017-2018 Premier League?,-,-,Chelsea,-
Which team finished in position 6 in the 2017-2018 Premier League?,-,-,Arsenal,-
Which team finished in position 7 in the 2017-2018 Premier League?,-,-,Burnley,-
Which team finished in position 8 in the 2017-2018 Premier League?,-,-,Everton,-
Which team finished in position 9 in the 2017-2018 Premier League?,-,-,Leicester City,-
Which team finished in position 10 in the 2017-2018 Premier League?,-,-,Newcastle Utd,-
Which team finished in position 11 in the 2017-2018 Premier League?,-,-,Crystal Palace,-
Which team finished in position 12 in the 2017-2018 Premier League?,-,-,Bournemouth,-
Which team finished in position 13 in the 2017-2018 Premier League?,-,-,West Ham,-
Which team finished in position 14 in the 2017-2018 Premier League?,-,-,Watford,-
Which team finished in position 15 in the 2017-2018 Premier League?,-,-,Brighton,-
Which team finished in position 16 in the 2017-2018 Premier League?,-,-,Huddersfield,-
Which team finished in position 17 in the 2017-2018 Premier League?,-,-,Southampton,-
Which team finished in position 18 in the 2017-2018 Premier League?,-,-,Swansea City,-
Which team finished in position 19 in the 2017-2018 Premier League?,-,-,Stoke City,-
Which team finished in position 20 in the 2017-2018 Premier League?,-,-,West Brom,-
Which team finished in position 1 in the 2018-2019 Premier League?,-,-,Manchester City,-
Which team finished in position 2 in the 2018-2019 Premier League?,-,-,Liverpool,-
Which team finished in position 3 in the 2018-2019 Premier League?,-,-,Chelsea,-
Which team finished in position 4 in the 2018-2019 Premier League?,-,-,Tottenham,-
Which team finished in position 5 in the 2018-2019 Premier League?,-,-,Arsenal,-
Which team finished in position 6 in the 2018-2019 Premier League?,-,-,Manchester Utd,-
Which team finished in position 7 in the 2018-2019 Premier League?,-,-,Wolves,-
Which team finished in position 8 in the 2018-2019 Premier League?,-,-,Everton,-
Which team finished in position 9 in the 2018-2019 Premier League?,-,-,Leicester City,-
Which team finished in position 10 in the 2018-2019 Premier League?,-,-,West Ham,-
Which team finished in position 11 in the 2018-2019 Premier League?,-,-,Watford,-
Which team finished in position 12 in the 2018-2019 Premier League?,-,-,Crystal Palace,-
Which team finished in position 13 in the 2018-2019 Premier League?,-,-,Newcastle Utd,-
Which team finished in position 14 in the 2018-2019 Premier League?,-,-,Bournemouth,-
Which team finished in position 15 in the 2018-2019 Premier League?,-,-,Burnley,-
Which team finished in position 16 in the 2018-2019 Premier League?,-,-,Southampton,-
Which team finished in position 17 in the 2018-2019 Premier League?,-,-,Brighton,-
Which team finished in position 18 in the 2018-2019 Premier League?,-,-,Cardiff City,-
Which team finished in position 19 in the 2018-2019 Premier League?,-,-,Fulham,-
Which team finished in position 20 in the 2018-2019 Premier League?,-,-,Huddersfield,-
Which team finished in position 1 in the 2019-2020 Premier League?,-,-,Liverpool,-
Which team finished in position 2 in the 2019-2020 Premier League?,-,-,Manchester City,-
Which team finished in position 3 in the 2019-2020 Premier League?,-,-,Manchester Utd,-
Which team finished in position 4 in the 2019-2020 Premier League?,-,-,Chelsea,-
Which team finished in position 5 in the 2019-2020 Premier League?,-,-,Leicester City,-
Which team finished in position 6 in the 2019-2020 Premier League?,-,-,Tottenham,-
Which team finished in position 7 in the 2019-2020 Premier League?,-,-,Wolves,-
Which team finished in position 8 in the 2019-2020 Premier League?,-,-,Arsenal,-
Which team finished in position 9 in the 2019-2020 Premier League?,-,-,Sheffield Utd,-
Which team finished in position 10 in the 2019-2020 Premier League?,-,-,Burnley,-
Which team finished in position 11 in the 2019-2020 Premier League?,-,-,Southampton,-
Which team finished in position 12 in the 2019-2020 Premier League?,-,-,Everton,-
Which team finished in position 13 in the 2019-2020 Premier League?,-,-,Newcastle Utd,-
Which team finished in position 14 in the 2019-2020 Premier League?,-,-,Crystal Palace,-
Which team finished in position 15 in the 2019-2020 Premier League?,-,-,Brighton,-
Which team finished in position 16 in the 2019-2020 Premier League?,-,-,West Ham,-
Which team finished in position 17 in the 2019-2020 Premier League?,-,-,Aston Villa,-
Which team finished in position 18 in the 2019-2020 Premier League?,-,-,Bournemouth,-
Which team finished in position 19 in the 2019-2020 Premier League?,-,-,Watford,-
Which team finished in position 20 in the 2019-2020 Premier League?,-,-,Norwich City,-
Which team finished in position 1 in the 2020-2021 Premier League?,-,-,Manchester City,-
Which team finished in position 2 in the 2020-2021 Premier League?,-,-,Manchester Utd,-
Which team finished in position 3 in the 2020-2021 Premier League?,-,-,Liverpool,-
Which team finished in position 4 in the 2020-2021 Premier League?,-,-,Chelsea,-
Which team finished in position 5 in the 2020-2021 Premier League?,-,-,Leicester City,-
Which team finished in position 6 in the 2020-2021 Premier League?,-,-,West Ham,-
Which team finished in position 7 in the 2020-2021 Premier League?,-,-,Tottenham,-
Which team finished in position 8 in the 2020-2021 Premier League?,-,-,Arsenal,-
Which team finished in position 9 in the 2020-2021 Premier League?,-,-,Leeds United,-
Which team finished in position 10 in the 2020-2021 Premier League?,-,-,Everton,-
Which team finished in position 11 in the 2020-2021 Premier League?,-,-,Aston Villa,-
Which team finished in position 12 in the 2020-2021 Premier League?,-,-,Newcastle Utd,-
Which team finished in position 13 in the 2020-2021 Premier League?,-,-,Wolves,-
Which team finished in position 14 in the 2020-2021 Premier League?,-,-,Crystal Palace,-
Which team finished in position 15 in the 2020-2021 Premier League?,-,-,Southampton,-
Which team finished in position 16 in the 2020-2021 Premier League?,-,-,Brighton,-
Which team finished in position 17 in the 2020-2021 Premier League?,-,-,Burnley,-
Which team finished in position 18 in the 2020-2021 Premier League?,-,-,Fulham,-
Which team finished in position 19 in the 2020-2021 Premier League?,-,-,West Brom,-
Which team finished in position 20 in the 2020-2021 Premier League?,-,-,Sheffield Utd,-
Which team finished in position 1 in the 2010-2011 Ligue 1?,-,-,Lille,-
Which team finished in position 2 in the 2010-2011 Ligue 1?,-,-,Marseille,-
Which team finished in position 3 in the 2010-2011 Ligue 1?,-,-,Lyon,-
Which team finished in position 4 in the 2010-2011 Ligue 1?,-,-,Paris S-G,-
Which team finished in position 5 in the 2010-2011 Ligue 1?,-,-,Sochaux,-
Which team finished in position 6 in the 2010-2011 Ligue 1?,-,-,Rennes,-
Which team finished in position 7 in the 2010-2011 Ligue 1?,-,-,Bordeaux,-
Which team finished in position 8 in the 2010-2011 Ligue 1?,-,-,Toulouse,-
Which team finished in position 9 in the 2010-2011 Ligue 1?,-,-,Auxerre,-
Which team finished in position 10 in the 2010-2011 Ligue 1?,-,-,Saint-Étienne,-
Which team finished in position 11 in the 2010-2011 Ligue 1?,-,-,Lorient,-
Which team finished in position 12 in the 2010-2011 Ligue 1?,-,-,Valenciennes,-
Which team finished in position 13 in the 2010-2011 Ligue 1?,-,-,Nancy,-
Which team finished in position 14 in the 2010-2011 Ligue 1?,-,-,Montpellier,-
Which team finished in position 15 in the 2010-2011 Ligue 1?,-,-,Caen,-
Which team finished in position 16 in the 2010-2011 Ligue 1?,-,-,Brest,-
Which team finished in position 17 in the 2010-2011 Ligue 1?,-,-,Nice,-
Which team finished in position 18 in the 2010-2011 Ligue 1?,-,-,Monaco,-
Which team finished in position 19 in the 2010-2011 Ligue 1?,-,-,Lens,-
Which team finished in position 20 in the 2010-2011 Ligue 1?,-,-,Arles-Avignon,-
Which team finished in position 1 in the 2011-2012 Ligue 1?,-,-,Montpellier,-
Which team finished in position 2 in the 2011-2012 Ligue 1?,-,-,Paris S-G,-
Which team finished in position 3 in the 2011-2012 Ligue 1?,-,-,Lille,-
Which team finished in position 4 in the 2011-2012 Ligue 1?,-,-,Lyon,-
Which team finished in position 5 in the 2011-2012 Ligue 1?,-,-,Bordeaux,-
Which team finished in position 6 in the 2011-2012 Ligue 1?,-,-,Rennes,-
Which team finished in position 7 in the 2011-2012 Ligue 1?,-,-,Saint-Étienne,-
Which team finished in position 8 in the 2011-2012 Ligue 1?,-,-,Toulouse,-
Which team finished in position 9 in the 2011-2012 Ligue 1?,-,-,Evian,-
Which team finished in position 10 in the 2011-2012 Ligue 1?,-,-,Marseille,-
Which team finished in position 11 in the 2011-2012 Ligue 1?,-,-,Nancy,-
Which team finished in position 12 in the 2011-2012 Ligue 1?,-,-,Valenciennes,-
Which team finished in position 13 in the 2011-2012 Ligue 1?,-,-,Nice,-
Which team finished in position 14 in the 2011-2012 Ligue 1?,-,-,Sochaux,-
Which team finished in position 15 in the 2011-2012 Ligue 1?,-,-,Brest,-
Which team finished in position 16 in the 2011-2012 Ligue 1?,-,-,Ajaccio,-
Which team finished in position 17 in the 2011-2012 Ligue 1?,-,-,Lorient,-
Which team finished in position 18 in the 2011-2012 Ligue 1?,-,-,Caen,-
Which team finished in position 19 in the 2011-2012 Ligue 1?,-,-,Dijon,-
Which team finished in position 20 in the 2011-2012 Ligue 1?,-,-,Auxerre,-
Which team finished in position 1 in the 2012-2013 Ligue 1?,-,-,Paris S-G,-
Which team finished in position 2 in the 2012-2013 Ligue 1?,-,-,Marseille,-
Which team finished in position 3 in the 2012-2013 Ligue 1?,-,-,Lyon,-
Which team finished in position 4 in the 2012-2013 Ligue 1?,-,-,Nice,-
Which team finished in position 5 in the 2012-2013 Ligue 1?,-,-,Saint-Étienne,-
Which team finished in position 6 in the 2012-2013 Ligue 1?,-,-,Lille,-
Which team finished in position 7 in the 2012-2013 Ligue 1?,-,-,Bordeaux,-
Which team finished in position 8 in the 2012-2013 Ligue 1?,-,-,Lorient,-
Which team finished in position 9 in the 2012-2013 Ligue 1?,-,-,Montpellier,-
Which team finished in position 10 in the 2012-2013 Ligue 1?,-,-,Toulouse,-
Which team finished in position 11 in the 2012-2013 Ligue 1?,-,-,Valenciennes,-
Which team finished in position 12 in the 2012-2013 Ligue 1?,-,-,Bastia,-
Which team finished in position 13 in the 2012-2013 Ligue 1?,-,-,Rennes,-
Which team finished in position 14 in the 2012-2013 Ligue 1?,-,-,Reims,-
Which team finished in position 15 in the 2012-2013 Ligue 1?,-,-,Sochaux,-
Which team finished in position 16 in the 2012-2013 Ligue 1?,-,-,Evian,-
Which team finished in position 17 in the 2012-2013 Ligue 1?,-,-,Ajaccio,-
Which team finished in position 18 in the 2012-2013 Ligue 1?,-,-,Nancy,-
Which team finished in position 19 in the 2012-2013 Ligue 1?,-,-,Troyes,-
Which team finished in position 20 in the 2012-2013 Ligue 1?,-,-,Brest,-
Which team finished in position 1 in the 2013-2014 Ligue 1?,-,-,Paris S-G,-
Which team finished in position 2 in the 2013-2014 Ligue 1?,-,-,Monaco,-
Which team finished in position 3 in the 2013-2014 Ligue 1?,-,-,Lille,-
Which team finished in position 4 in the 2013-2014 Ligue 1?,-,-,Saint-Étienne,-
Which team finished in position 5 in the 2013-2014 Ligue 1?,-,-,Lyon,-
Which team finished in position 6 in the 2013-2014 Ligue 1?,-,-,Marseille,-
Which team finished in position 7 in the 2013-2014 Ligue 1?,-,-,Bordeaux,-
Which team finished in position 8 in the 2013-2014 Ligue 1?,-,-,Lorient,-
Which team finished in position 9 in the 2013-2014 Ligue 1?,-,-,Toulouse,-
Which team finished in position 10 in the 2013-2014 Ligue 1?,-,-,Bastia,-
Which team finished in position 11 in the 2013-2014 Ligue 1?,-,-,Reims,-
Which team finished in position 12 in the 2013-2014 Ligue 1?,-,-,Rennes,-
Which team finished in position 13 in the 2013-2014 Ligue 1?,-,-,Nantes,-
Which team finished in position 14 in the 2013-2014 Ligue 1?,-,-,Evian,-
Which team finished in position 15 in the 2013-2014 Ligue 1?,-,-,Montpellier,-
Which team finished in position 16 in the 2013-2014 Ligue 1?,-,-,Guingamp,-
Which team finished in position 17 in the 2013-2014 Ligue 1?,-,-,Nice,-
Which team finished in position 18 in the 2013-2014 Ligue 1?,-,-,Sochaux,-
Which team finished in position 19 in the 2013-2014 Ligue 1?,-,-,Valenciennes,-
Which team finished in position 20 in the 2013-2014 Ligue 1?,-,-,Ajaccio,-
Which team finished in position 1 in the 2014-2015 Ligue 1?,-,-,Paris S-G,-
Which team finished in position 2 in the 2014-2015 Ligue 1?,-,-,Lyon,-
Which team finished in position 3 in the 2014-2015 Ligue 1?,-,-,Monaco,-
Which team finished in position 4 in the 2014-2015 Ligue 1?,-,-,Marseille,-
Which team finished in position 5 in the 2014-2015 Ligue 1?,-,-,Saint-Étienne,-
Which team finished in position 6 in the 2014-2015 Ligue 1?,-,-,Bordeaux,-
Which team finished in position 7 in the 2014-2015 Ligue 1?,-,-,Montpellier,-
Which team finished in position 8 in the 2014-2015 Ligue 1?,-,-,Lille,-
Which team finished in position 9 in the 2014-2015 Ligue 1?,-,-,Rennes,-
Which team finished in position 10 in the 2014-2015 Ligue 1?,-,-,Guingamp,-
Which team finished in position 11 in the 2014-2015 Ligue 1?,-,-,Nice,-
Which team finished in position 12 in the 2014-2015 Ligue 1?,-,-,Bastia,-
Which team finished in position 13 in the 2014-2015 Ligue 1?,-,-,Caen,-
Which team finished in position 14 in the 2014-2015 Ligue 1?,-,-,Nantes,-
Which team finished in position 15 in the 2014-2015 Ligue 1?,-,-,Reims,-
Which team finished in position 16 in the 2014-2015 Ligue 1?,-,-,Lorient,-
Which team finished in position 17 in the 2014-2015 Ligue 1?,-,-,Toulouse,-
Which team finished in position 18 in the 2014-2015 Ligue 1?,-,-,Evian,-
Which team finished in position 19 in the 2014-2015 Ligue 1?,-,-,Metz,-
Which team finished in position 20 in the 2014-2015 Ligue 1?,-,-,Lens,-
Which team finished in position 1 in the 2015-2016 Ligue 1?,-,-,Paris S-G,-
Which team finished in position 2 in the 2015-2016 Ligue 1?,-,-,Lyon,-
Which team finished in position 3 in the 2015-2016 Ligue 1?,-,-,Monaco,-
Which team finished in position 4 in the 2015-2016 Ligue 1?,-,-,Nice,-
Which team finished in position 5 in the 2015-2016 Ligue 1?,-,-,Lille,-
Which team finished in position 6 in the 2015-2016 Ligue 1?,-,-,Saint-Étienne,-
Which team finished in position 7 in the 2015-2016 Ligue 1?,-,-,Caen,-
Which team finished in position 8 in the 2015-2016 Ligue 1?,-,-,Rennes,-
Which team finished in position 9 in the 2015-2016 Ligue 1?,-,-,Angers,-
Which team finished in position 10 in the 2015-2016 Ligue 1?,-,-,Bastia,-
Which team finished in position 11 in the 2015-2016 Ligue 1?,-,-,Bordeaux,-
Which team finished in position 12 in the 2015-2016 Ligue 1?,-,-,Montpellier,-
Which team finished in position 13 in the 2015-2016 Ligue 1?,-,-,Marseille,-
Which team finished in position 14 in the 2015-2016 Ligue 1?,-,-,Nantes,-
Which team finished in position 15 in the 2015-2016 Ligue 1?,-,-,Lorient,-
Which team finished in position 16 in the 2015-2016 Ligue 1?,-,-,Guingamp,-
Which team finished in position 17 in the 2015-2016 Ligue 1?,-,-,Toulouse,-
Which team finished in position 18 in the 2015-2016 Ligue 1?,-,-,Reims,-
Which team finished in position 19 in the 2015-2016 Ligue 1?,-,-,Gazélec Ajaccio,-
Which team finished in position 20 in the 2015-2016 Ligue 1?,-,-,Troyes,-
Which team finished in position 1 in the 2016-2017 Ligue 1?,-,-,Monaco,-
Which team finished in position 2 in the 2016-2017 Ligue 1?,-,-,Paris S-G,-
Which team finished in position 3 in the 2016-2017 Ligue 1?,-,-,Nice,-
Which team finished in position 4 in the 2016-2017 Ligue 1?,-,-,Lyon,-
Which team finished in position 5 in the 2016-2017 Ligue 1?,-,-,Marseille,-
Which team finished in position 6 in the 2016-2017 Ligue 1?,-,-,Bordeaux,-
Which team finished in position 7 in the 2016-2017 Ligue 1?,-,-,Nantes,-
Which team finished in position 8 in the 2016-2017 Ligue 1?,-,-,Saint-Étienne,-
Which team finished in position 9 in the 2016-2017 Ligue 1?,-,-,Rennes,-
Which team finished in position 10 in the 2016-2017 Ligue 1?,-,-,Guingamp,-
Which team finished in position 11 in the 2016-2017 Ligue 1?,-,-,Lille,-
Which team finished in position 12 in the 2016-2017 Ligue 1?,-,-,Angers,-
Which team finished in position 13 in the 2016-2017 Ligue 1?,-,-,Toulouse,-
Which team finished in position 14 in the 2016-2017 Ligue 1?,-,-,Metz,-
Which team finished in position 15 in the 2016-2017 Ligue 1?,-,-,Montpellier,-
Which team finished in position 16 in the 2016-2017 Ligue 1?,-,-,Dijon,-
Which team finished in position 17 in the 2016-2017 Ligue 1?,-,-,Caen,-
Which team finished in position 18 in the 2016-2017 Ligue 1?,-,-,Lorient,-
Which team finished in position 19 in the 2016-2017 Ligue 1?,-,-,Nancy,-
Which team finished in position 20 in the 2016-2017 Ligue 1?,-,-,Bastia,-
Which team finished in position 1 in the 2017-2018 Ligue 1?,-,-,Paris S-G,-
Which team finished in position 2 in the 2017-2018 Ligue 1?,-,-,Monaco,-
Which team finished in position 3 in the 2017-2018 Ligue 1?,-,-,Lyon,-
Which team finished in position 4 in the 2017-2018 Ligue 1?,-,-,Marseille,-
Which team finished in position 5 in the 2017-2018 Ligue 1?,-,-,Rennes,-
Which team finished in position 6 in the 2017-2018 Ligue 1?,-,-,Bordeaux,-
Which team finished in position 7 in the 2017-2018 Ligue 1?,-,-,Saint-Étienne,-
Which team finished in position 8 in the 2017-2018 Ligue 1?,-,-,Nice,-
Which team finished in position 9 in the 2017-2018 Ligue 1?,-,-,Nantes,-
Which team finished in position 10 in the 2017-2018 Ligue 1?,-,-,Montpellier,-
Which team finished in position 11 in the 2017-2018 Ligue 1?,-,-,Dijon,-
Which team finished in position 12 in the 2017-2018 Ligue 1?,-,-,Guingamp,-
Which team finished in position 13 in the 2017-2018 Ligue 1?,-,-,Amiens,-
Which team finished in position 14 in the 2017-2018 Ligue 1?,-,-,Angers,-
Which team finished in position 15 in the 2017-2018 Ligue 1?,-,-,Strasbourg,-
Which team finished in position 16 in the 2017-2018 Ligue 1?,-,-,Caen,-
Which team finished in position 17 in the 2017-2018 Ligue 1?,-,-,Lille,-
Which team finished in position 18 in the 2017-2018 Ligue 1?,-,-,Toulouse,-
Which team finished in position 19 in the 2017-2018 Ligue 1?,-,-,Troyes,-
Which team finished in position 20 in the 2017-2018 Ligue 1?,-,-,Metz,-
Which team finished in position 1 in the 2018-2019 Ligue 1?,-,-,Paris S-G,-
Which team finished in position 2 in the 2018-2019 Ligue 1?,-,-,Lille,-
Which team finished in position 3 in the 2018-2019 Ligue 1?,-,-,Lyon,-
Which team finished in position 4 in the 2018-2019 Ligue 1?,-,-,Saint-Étienne,-
Which team finished in position 5 in the 2018-2019 Ligue 1?,-,-,Marseille,-
Which team finished in position 6 in the 2018-2019 Ligue 1?,-,-,Montpellier,-
Which team finished in position 7 in the 2018-2019 Ligue 1?,-,-,Nice,-
Which team finished in position 8 in the 2018-2019 Ligue 1?,-,-,Reims,-
Which team finished in position 9 in the 2018-2019 Ligue 1?,-,-,Nîmes,-
Which team finished in position 10 in the 2018-2019 Ligue 1?,-,-,Rennes,-
Which team finished in position 11 in the 2018-2019 Ligue 1?,-,-,Strasbourg,-
Which team finished in position 12 in the 2018-2019 Ligue 1?,-,-,Nantes,-
Which team finished in position 13 in the 2018-2019 Ligue 1?,-,-,Angers,-
Which team finished in position 14 in the 2018-2019 Ligue 1?,-,-,Bordeaux,-
Which team finished in position 15 in the 2018-2019 Ligue 1?,-,-,Amiens,-
Which team finished in position 16 in the 2018-2019 Ligue 1?,-,-,Toulouse,-
Which team finished in position 17 in the 2018-2019 Ligue 1?,-,-,Monaco,-
Which team finished in position 18 in the 2018-2019 Ligue 1?,-,-,Dijon,-
Which team finished in position 19 in the 2018-2019 Ligue 1?,-,-,Caen,-
Which team finished in position 20 in the 2018-2019 Ligue 1?,-,-,Guingamp,-
Which team finished in position 1 in the 2019-2020 Ligue 1?,-,-,Paris S-G,-
Which team finished in position 2 in the 2019-2020 Ligue 1?,-,-,Marseille,-
Which team finished in position 3 in the 2019-2020 Ligue 1?,-,-,Rennes,-
Which team finished in position 4 in the 2019-2020 Ligue 1?,-,-,Lille,-
Which team finished in position 5 in the 2019-2020 Ligue 1?,-,-,Nice,-
Which team finished in position 6 in the 2019-2020 Ligue 1?,-,-,Reims,-
Which team finished in position 7 in the 2019-2020 Ligue 1?,-,-,Lyon,-
Which team finished in position 8 in the 2019-2020 Ligue 1?,-,-,Montpellier,-
Which team finished in position 9 in the 2019-2020 Ligue 1?,-,-,Monaco,-
Which team finished in position 10 in the 2019-2020 Ligue 1?,-,-,Strasbourg,-
Which team finished in position 11 in the 2019-2020 Ligue 1?,-,-,Angers,-
Which team finished in position 12 in the 2019-2020 Ligue 1?,-,-,Bordeaux,-
Which team finished in position 13 in the 2019-2020 Ligue 1?,-,-,Nantes,-
Which team finished in position 14 in the 2019-2020 Ligue 1?,-,-,Brest,-
Which team finished in position 15 in the 2019-2020 Ligue 1?,-,-,Metz,-
Which team finished in position 16 in the 2019-2020 Ligue 1?,-,-,Dijon,-
Which team finished in position 17 in the 2019-2020 Ligue 1?,-,-,Saint-Étienne,-
Which team finished in position 18 in the 2019-2020 Ligue 1?,-,-,Nîmes,-
Which team finished in position 19 in the 2019-2020 Ligue 1?,-,-,Amiens,-
Which team finished in position 20 in the 2019-2020 Ligue 1?,-,-,Toulouse,-
Which team finished in position 1 in the 2020-2021 Ligue 1?,-,-,Lille,-
Which team finished in position 2 in the 2020-2021 Ligue 1?,-,-,Paris S-G,-
Which team finished in position 3 in the 2020-2021 Ligue 1?,-,-,Monaco,-
Which team finished in position 4 in the 2020-2021 Ligue 1?,-,-,Lyon,-
Which team finished in position 5 in the 2020-2021 Ligue 1?,-,-,Marseille,-
Which team finished in position 6 in the 2020-2021 Ligue 1?,-,-,Rennes,-
Which team finished in position 7 in the 2020-2021 Ligue 1?,-,-,Lens,-
Which team finished in position 8 in the 2020-2021 Ligue 1?,-,-,Montpellier,-
Which team finished in position 9 in the 2020-2021 Ligue 1?,-,-,Nice,-
Which team finished in position 10 in the 2020-2021 Ligue 1?,-,-,Metz,-
Which team finished in position 11 in the 2020-2021 Ligue 1?,-,-,Saint-Étienne,-
Which team finished in position 12 in the 2020-2021 Ligue 1?,-,-,Bordeaux,-
Which team finished in position 13 in the 2020-2021 Ligue 1?,-,-,Angers,-
Which team finished in position 14 in the 2020-2021 Ligue 1?,-,-,Reims,-
Which team finished in position 15 in the 2020-2021 Ligue 1?,-,-,Strasbourg,-
Which team finished in position 16 in the 2020-2021 Ligue 1?,-,-,Lorient,-
Which team finished in position 17 in the 2020-2021 Ligue 1?,-,-,Brest,-
Which team finished in position 18 in the 2020-2021 Ligue 1?,-,-,Nantes,-
Which team finished in position 19 in the 2020-2021 Ligue 1?,-,-,Nîmes,-
Which team finished in position 20 in the 2020-2021 Ligue 1?,-,-,Dijon,-
Which team finished in position 1 in the 2010-2011 Fußball-Bundesliga?,-,-,Dortmund,-
Which team finished in position 2 in the 2010-2011 Fußball-Bundesliga?,-,-,Leverkusen,-
Which team finished in position 3 in the 2010-2011 Fußball-Bundesliga?,-,-,Bayern Munich,-
Which team finished in position 4 in the 2010-2011 Fußball-Bundesliga?,-,-,Hannover 96,-
Which team finished in position 5 in the 2010-2011 Fußball-Bundesliga?,-,-,Mainz 05,-
Which team finished in position 6 in the 2010-2011 Fußball-Bundesliga?,-,-,Nürnberg,-
Which team finished in position 7 in the 2010-2011 Fußball-Bundesliga?,-,-,Kaiserslautern,-
Which team finished in position 8 in the 2010-2011 Fußball-Bundesliga?,-,-,Hamburger SV,-
Which team finished in position 9 in the 2010-2011 Fußball-Bundesliga?,-,-,Freiburg,-
Which team finished in position 10 in the 2010-2011 Fußball-Bundesliga?,-,-,Köln,-
Which team finished in position 11 in the 2010-2011 Fußball-Bundesliga?,-,-,Hoffenheim,-
Which team finished in position 12 in the 2010-2011 Fußball-Bundesliga?,-,-,Stuttgart,-
Which team finished in position 13 in the 2010-2011 Fußball-Bundesliga?,-,-,Werder Bremen,-
Which team finished in position 14 in the 2010-2011 Fußball-Bundesliga?,-,-,Schalke 04,-
Which team finished in position 15 in the 2010-2011 Fußball-Bundesliga?,-,-,Wolfsburg,-
Which team finished in position 16 in the 2010-2011 Fußball-Bundesliga?,-,-,M'Gladbach,-
Which team finished in position 17 in the 2010-2011 Fußball-Bundesliga?,-,-,Eint Frankfurt,-
Which team finished in position 18 in the 2010-2011 Fußball-Bundesliga?,-,-,St. Pauli,-
Which team finished in position 1 in the 2011-2012 Fußball-Bundesliga?,-,-,Dortmund,-
Which team finished in position 2 in the 2011-2012 Fußball-Bundesliga?,-,-,Bayern Munich,-
Which team finished in position 3 in the 2011-2012 Fußball-Bundesliga?,-,-,Schalke 04,-
Which team finished in position 4 in the 2011-2012 Fußball-Bundesliga?,-,-,M'Gladbach,-
Which team finished in position 5 in the 2011-2012 Fußball-Bundesliga?,-,-,Leverkusen,-
Which team finished in position 6 in the 2011-2012 Fußball-Bundesliga?,-,-,Stuttgart,-
Which team finished in position 7 in the 2011-2012 Fußball-Bundesliga?,-,-,Hannover 96,-
Which team finished in position 8 in the 2011-2012 Fußball-Bundesliga?,-,-,Wolfsburg,-
Which team finished in position 9 in the 2011-2012 Fußball-Bundesliga?,-,-,Werder Bremen,-
Which team finished in position 10 in the 2011-2012 Fußball-Bundesliga?,-,-,Nürnberg,-
Which team finished in position 11 in the 2011-2012 Fußball-Bundesliga?,-,-,Hoffenheim,-
Which team finished in position 12 in the 2011-2012 Fußball-Bundesliga?,-,-,Freiburg,-
Which team finished in position 13 in the 2011-2012 Fußball-Bundesliga?,-,-,Mainz 05,-
Which team finished in position 14 in the 2011-2012 Fußball-Bundesliga?,-,-,Augsburg,-
Which team finished in position 15 in the 2011-2012 Fußball-Bundesliga?,-,-,Hamburger SV,-
Which team finished in position 16 in the 2011-2012 Fußball-Bundesliga?,-,-,Hertha BSC,-
Which team finished in position 17 in the 2011-2012 Fußball-Bundesliga?,-,-,Köln,-
Which team finished in position 18 in the 2011-2012 Fußball-Bundesliga?,-,-,Kaiserslautern,-
Which team finished in position 1 in the 2012-2013 Fußball-Bundesliga?,-,-,Bayern Munich,-
Which team finished in position 2 in the 2012-2013 Fußball-Bundesliga?,-,-,Dortmund,-
Which team finished in position 3 in the 2012-2013 Fußball-Bundesliga?,-,-,Leverkusen,-
Which team finished in position 4 in the 2012-2013 Fußball-Bundesliga?,-,-,Schalke 04,-
Which team finished in position 5 in the 2012-2013 Fußball-Bundesliga?,-,-,Freiburg,-
Which team finished in position 6 in the 2012-2013 Fußball-Bundesliga?,-,-,Eint Frankfurt,-
Which team finished in position 7 in the 2012-2013 Fußball-Bundesliga?,-,-,Hamburger SV,-
Which team finished in position 8 in the 2012-2013 Fußball-Bundesliga?,-,-,M'Gladbach,-
Which team finished in position 9 in the 2012-2013 Fußball-Bundesliga?,-,-,Hannover 96,-
Which team finished in position 10 in the 2012-2013 Fußball-Bundesliga?,-,-,Nürnberg,-
Which team finished in position 11 in the 2012-2013 Fußball-Bundesliga?,-,-,Wolfsburg,-
Which team finished in position 12 in the 2012-2013 Fußball-Bundesliga?,-,-,Stuttgart,-
Which team finished in position 13 in the 2012-2013 Fußball-Bundesliga?,-,-,Mainz 05,-
Which team finished in position 14 in the 2012-2013 Fußball-Bundesliga?,-,-,Werder Bremen,-
Which team finished in position 15 in the 2012-2013 Fußball-Bundesliga?,-,-,Augsburg,-
Which team finished in position 16 in the 2012-2013 Fußball-Bundesliga?,-,-,Hoffenheim,-
Which team finished in position 17 in the 2012-2013 Fußball-Bundesliga?,-,-,Düsseldorf,-
Which team finished in position 18 in the 2012-2013 Fußball-Bundesliga?,-,-,Greuther Fürth,-
Which team finished in position 1 in the 2013-2014 Fußball-Bundesliga?,-,-,Bayern Munich,-
Which team finished in position 2 in the 2013-2014 Fußball-Bundesliga?,-,-,Dortmund,-
Which team finished in position 3 in the 2013-2014 Fußball-Bundesliga?,-,-,Schalke 04,-
Which team finished in position 4 in the 2013-2014 Fußball-Bundesliga?,-,-,Leverkusen,-
Which team finished in position 5 in the 2013-2014 Fußball-Bundesliga?,-,-,Wolfsburg,-
Which team finished in position 6 in the 2013-2014 Fußball-Bundesliga?,-,-,M'Gladbach,-
Which team finished in position 7 in the 2013-2014 Fußball-Bundesliga?,-,-,Mainz 05,-
Which team finished in position 8 in the 2013-2014 Fußball-Bundesliga?,-,-,Augsburg,-
Which team finished in position 9 in the 2013-2014 Fußball-Bundesliga?,-,-,Hoffenheim,-
Which team finished in position 10 in the 2013-2014 Fußball-Bundesliga?,-,-,Hannover 96,-
Which team finished in position 11 in the 2013-2014 Fußball-Bundesliga?,-,-,Hertha BSC,-
Which team finished in position 12 in the 2013-2014 Fußball-Bundesliga?,-,-,Werder Bremen,-
Which team finished in position 13 in the 2013-2014 Fußball-Bundesliga?,-,-,Eint Frankfurt,-
Which team finished in position 14 in the 2013-2014 Fußball-Bundesliga?,-,-,Freiburg,-
Which team finished in position 15 in the 2013-2014 Fußball-Bundesliga?,-,-,Stuttgart,-
Which team finished in position 16 in the 2013-2014 Fußball-Bundesliga?,-,-,Hamburger SV,-
Which team finished in position 17 in the 2013-2014 Fußball-Bundesliga?,-,-,Nürnberg,-
Which team finished in position 18 in the 2013-2014 Fußball-Bundesliga?,-,-,Braunschweig,-
Which team finished in position 1 in the 2014-2015 Fußball-Bundesliga?,-,-,Bayern Munich,-
Which team finished in position 2 in the 2014-2015 Fußball-Bundesliga?,-,-,Wolfsburg,-
Which team finished in position 3 in the 2014-2015 Fußball-Bundesliga?,-,-,M'Gladbach,-
Which team finished in position 4 in the 2014-2015 Fußball-Bundesliga?,-,-,Leverkusen,-
Which team finished in position 5 in the 2014-2015 Fußball-Bundesliga?,-,-,Augsburg,-
Which team finished in position 6 in the 2014-2015 Fußball-Bundesliga?,-,-,Schalke 04,-
Which team finished in position 7 in the 2014-2015 Fußball-Bundesliga?,-,-,Dortmund,-
Which team finished in position 8 in the 2014-2015 Fußball-Bundesliga?,-,-,Hoffenheim,-
Which team finished in position 9 in the 2014-2015 Fußball-Bundesliga?,-,-,Eint Frankfurt,-
Which team finished in position 10 in the 2014-2015 Fußball-Bundesliga?,-,-,Werder Bremen,-
Which team finished in position 11 in the 2014-2015 Fußball-Bundesliga?,-,-,Mainz 05,-
Which team finished in position 12 in the 2014-2015 Fußball-Bundesliga?,-,-,Köln,-
Which team finished in position 13 in the 2014-2015 Fußball-Bundesliga?,-,-,Hannover 96,-
Which team finished in position 14 in the 2014-2015 Fußball-Bundesliga?,-,-,Stuttgart,-
Which team finished in position 15 in the 2014-2015 Fußball-Bundesliga?,-,-,Hertha BSC,-
Which team finished in position 16 in the 2014-2015 Fußball-Bundesliga?,-,-,Hamburger SV,-
Which team finished in position 17 in the 2014-2015 Fußball-Bundesliga?,-,-,Freiburg,-
Which team finished in position 18 in the 2014-2015 Fußball-Bundesliga?,-,-,Paderborn 07,-
Which team finished in position 1 in the 2015-2016 Fußball-Bundesliga?,-,-,Bayern Munich,-
Which team finished in position 2 in the 2015-2016 Fußball-Bundesliga?,-,-,Dortmund,-
Which team finished in position 3 in the 2015-2016 Fußball-Bundesliga?,-,-,Leverkusen,-
Which team finished in position 4 in the 2015-2016 Fußball-Bundesliga?,-,-,M'Gladbach,-
Which team finished in position 5 in the 2015-2016 Fußball-Bundesliga?,-,-,Schalke 04,-
Which team finished in position 6 in the 2015-2016 Fußball-Bundesliga?,-,-,Mainz 05,-
Which team finished in position 7 in the 2015-2016 Fußball-Bundesliga?,-,-,Hertha BSC,-
Which team finished in position 8 in the 2015-2016 Fußball-Bundesliga?,-,-,Wolfsburg,-
Which team finished in position 9 in the 2015-2016 Fußball-Bundesliga?,-,-,Köln,-
Which team finished in position 10 in the 2015-2016 Fußball-Bundesliga?,-,-,Hamburger SV,-
Which team finished in position 11 in the 2015-2016 Fußball-Bundesliga?,-,-,Ingolstadt 04,-
Which team finished in position 12 in the 2015-2016 Fußball-Bundesliga?,-,-,Augsburg,-
Which team finished in position 13 in the 2015-2016 Fußball-Bundesliga?,-,-,Werder Bremen,-
Which team finished in position 14 in the 2015-2016 Fußball-Bundesliga?,-,-,Darmstadt 98,-
Which team finished in position 15 in the 2015-2016 Fußball-Bundesliga?,-,-,Hoffenheim,-
Which team finished in position 16 in the 2015-2016 Fußball-Bundesliga?,-,-,Eint Frankfurt,-
Which team finished in position 17 in the 2015-2016 Fußball-Bundesliga?,-,-,Stuttgart,-
Which team finished in position 18 in the 2015-2016 Fußball-Bundesliga?,-,-,Hannover 96,-
Which team finished in position 1 in the 2016-2017 Fußball-Bundesliga?,-,-,Bayern Munich,-
Which team finished in position 2 in the 2016-2017 Fußball-Bundesliga?,-,-,RB Leipzig,-
Which team finished in position 3 in the 2016-2017 Fußball-Bundesliga?,-,-,Dortmund,-
Which team finished in position 4 in the 2016-2017 Fußball-Bundesliga?,-,-,Hoffenheim,-
Which team finished in position 5 in the 2016-2017 Fußball-Bundesliga?,-,-,Köln,-
Which team finished in position 6 in the 2016-2017 Fußball-Bundesliga?,-,-,Hertha BSC,-
Which team finished in position 7 in the 2016-2017 Fußball-Bundesliga?,-,-,Freiburg,-
Which team finished in position 8 in the 2016-2017 Fußball-Bundesliga?,-,-,Werder Bremen,-
Which team finished in position 9 in the 2016-2017 Fußball-Bundesliga?,-,-,M'Gladbach,-
Which team finished in position 10 in the 2016-2017 Fußball-Bundesliga?,-,-,Schalke 04,-
Which team finished in position 11 in the 2016-2017 Fußball-Bundesliga?,-,-,Eint Frankfurt,-
Which team finished in position 12 in the 2016-2017 Fußball-Bundesliga?,-,-,Leverkusen,-
Which team finished in position 13 in the 2016-2017 Fußball-Bundesliga?,-,-,Augsburg,-
Which team finished in position 14 in the 2016-2017 Fußball-Bundesliga?,-,-,Hamburger SV,-
Which team finished in position 15 in the 2016-2017 Fußball-Bundesliga?,-,-,Mainz 05,-
Which team finished in position 16 in the 2016-2017 Fußball-Bundesliga?,-,-,Wolfsburg,-
Which team finished in position 17 in the 2016-2017 Fußball-Bundesliga?,-,-,Ingolstadt 04,-
Which team finished in position 18 in the 2016-2017 Fußball-Bundesliga?,-,-,Darmstadt 98,-
Which team finished in position 1 in the 2017-2018 Fußball-Bundesliga?,-,-,Bayern Munich,-
Which team finished in position 2 in the 2017-2018 Fußball-Bundesliga?,-,-,Schalke 04,-
Which team finished in position 3 in the 2017-2018 Fußball-Bundesliga?,-,-,Hoffenheim,-
Which team finished in position 4 in the 2017-2018 Fußball-Bundesliga?,-,-,Dortmund,-
Which team finished in position 5 in the 2017-2018 Fußball-Bundesliga?,-,-,Leverkusen,-
Which team finished in position 6 in the 2017-2018 Fußball-Bundesliga?,-,-,RB Leipzig,-
Which team finished in position 7 in the 2017-2018 Fußball-Bundesliga?,-,-,Stuttgart,-
Which team finished in position 8 in the 2017-2018 Fußball-Bundesliga?,-,-,Eint Frankfurt,-
Which team finished in position 9 in the 2017-2018 Fußball-Bundesliga?,-,-,M'Gladbach,-
Which team finished in position 10 in the 2017-2018 Fußball-Bundesliga?,-,-,Hertha BSC,-
Which team finished in position 11 in the 2017-2018 Fußball-Bundesliga?,-,-,Werder Bremen,-
Which team finished in position 12 in the 2017-2018 Fußball-Bundesliga?,-,-,Augsburg,-
Which team finished in position 13 in the 2017-2018 Fußball-Bundesliga?,-,-,Hannover 96,-
Which team finished in position 14 in the 2017-2018 Fußball-Bundesliga?,-,-,Mainz 05,-
Which team finished in position 15 in the 2017-2018 Fußball-Bundesliga?,-,-,Freiburg,-
Which team finished in position 16 in the 2017-2018 Fußball-Bundesliga?,-,-,Wolfsburg,-
Which team finished in position 17 in the 2017-2018 Fußball-Bundesliga?,-,-,Hamburger SV,-
Which team finished in position 18 in the 2017-2018 Fußball-Bundesliga?,-,-,Köln,-
Which team finished in position 1 in the 2018-2019 Fußball-Bundesliga?,-,-,Bayern Munich,-
Which team finished in position 2 in the 2018-2019 Fußball-Bundesliga?,-,-,Dortmund,-
Which team finished in position 3 in the 2018-2019 Fußball-Bundesliga?,-,-,RB Leipzig,-
Which team finished in position 4 in the 2018-2019 Fußball-Bundesliga?,-,-,Leverkusen,-
Which team finished in position 5 in the 2018-2019 Fußball-Bundesliga?,-,-,M'Gladbach,-
Which team finished in position 6 in the 2018-2019 Fußball-Bundesliga?,-,-,Wolfsburg,-
Which team finished in position 7 in the 2018-2019 Fußball-Bundesliga?,-,-,Eint Frankfurt,-
Which team finished in position 8 in the 2018-2019 Fußball-Bundesliga?,-,-,Werder Bremen,-
Which team finished in position 9 in the 2018-2019 Fußball-Bundesliga?,-,-,Hoffenheim,-
Which team finished in position 10 in the 2018-2019 Fußball-Bundesliga?,-,-,Düsseldorf,-
Which team finished in position 11 in the 2018-2019 Fußball-Bundesliga?,-,-,Hertha BSC,-
Which team finished in position 12 in the 2018-2019 Fußball-Bundesliga?,-,-,Mainz 05,-
Which team finished in position 13 in the 2018-2019 Fußball-Bundesliga?,-,-,Freiburg,-
Which team finished in position 14 in the 2018-2019 Fußball-Bundesliga?,-,-,Schalke 04,-
Which team finished in position 15 in the 2018-2019 Fußball-Bundesliga?,-,-,Augsburg,-
Which team finished in position 16 in the 2018-2019 Fußball-Bundesliga?,-,-,Stuttgart,-
Which team finished in position 17 in the 2018-2019 Fußball-Bundesliga?,-,-,Hannover 96,-
Which team finished in position 18 in the 2018-2019 Fußball-Bundesliga?,-,-,Nürnberg,-
Which team finished in position 1 in the 2019-2020 Fußball-Bundesliga?,-,-,Bayern Munich,-
Which team finished in position 2 in the 2019-2020 Fußball-Bundesliga?,-,-,Dortmund,-
Which team finished in position 3 in the 2019-2020 Fußball-Bundesliga?,-,-,RB Leipzig,-
Which team finished in position 4 in the 2019-2020 Fußball-Bundesliga?,-,-,M'Gladbach,-
Which team finished in position 5 in the 2019-2020 Fußball-Bundesliga?,-,-,Leverkusen,-
Which team finished in position 6 in the 2019-2020 Fußball-Bundesliga?,-,-,Hoffenheim,-
Which team finished in position 7 in the 2019-2020 Fußball-Bundesliga?,-,-,Wolfsburg,-
Which team finished in position 8 in the 2019-2020 Fußball-Bundesliga?,-,-,Freiburg,-
Which team finished in position 9 in the 2019-2020 Fußball-Bundesliga?,-,-,Eint Frankfurt,-
Which team finished in position 10 in the 2019-2020 Fußball-Bundesliga?,-,-,Hertha BSC,-
Which team finished in position 11 in the 2019-2020 Fußball-Bundesliga?,-,-,Union Berlin,-
Which team finished in position 12 in the 2019-2020 Fußball-Bundesliga?,-,-,Schalke 04,-
Which team finished in position 13 in the 2019-2020 Fußball-Bundesliga?,-,-,Mainz 05,-
Which team finished in position 14 in the 2019-2020 Fußball-Bundesliga?,-,-,Köln,-
Which team finished in position 15 in the 2019-2020 Fußball-Bundesliga?,-,-,Augsburg,-
Which team finished in position 16 in the 2019-2020 Fußball-Bundesliga?,-,-,Werder Bremen,-
Which team finished in position 17 in the 2019-2020 Fußball-Bundesliga?,-,-,Düsseldorf,-
Which team finished in position 18 in the 2019-2020 Fußball-Bundesliga?,-,-,Paderborn 07,-
Which team finished in position 1 in the 2020-2021 Fußball-Bundesliga?,-,-,Bayern Munich,-
Which team finished in position 2 in the 2020-2021 Fußball-Bundesliga?,-,-,RB Leipzig,-
Which team finished in position 3 in the 2020-2021 Fußball-Bundesliga?,-,-,Dortmund,-
Which team finished in position 4 in the 2020-2021 Fußball-Bundesliga?,-,-,Wolfsburg,-
Which team finished in position 5 in the 2020-2021 Fußball-Bundesliga?,-,-,Eint Frankfurt,-
Which team finished in position 6 in the 2020-2021 Fußball-Bundesliga?,-,-,Leverkusen,-
Which team finished in position 7 in the 2020-2021 Fußball-Bundesliga?,-,-,Union Berlin,-
Which team finished in position 8 in the 2020-2021 Fußball-Bundesliga?,-,-,M'Gladbach,-
Which team finished in position 9 in the 2020-2021 Fußball-Bundesliga?,-,-,Stuttgart,-
Which team finished in position 10 in the 2020-2021 Fußball-Bundesliga?,-,-,Freiburg,-
Which team finished in position 11 in the 2020-2021 Fußball-Bundesliga?,-,-,Hoffenheim,-
Which team finished in position 12 in the 2020-2021 Fußball-Bundesliga?,-,-,Mainz 05,-
Which team finished in position 13 in the 2020-2021 Fußball-Bundesliga?,-,-,Augsburg,-
Which team finished in position 14 in the 2020-2021 Fußball-Bundesliga?,-,-,Hertha BSC,-
Which team finished in position 15 in the 2020-2021 Fußball-Bundesliga?,-,-,Arminia,-
Which team finished in position 16 in the 2020-2021 Fußball-Bundesliga?,-,-,Köln,-
Which team finished in position 17 in the 2020-2021 Fußball-Bundesliga?,-,-,Werder Bremen,-
Which team finished in position 18 in the 2020-2021 Fußball-Bundesliga?,-,-,Schalke 04,-
Which team finished in position 1 in the 2010-2011 Serie A?,-,-,Milan,-
Which team finished in position 2 in the 2010-2011 Serie A?,-,-,Inter,-
Which team finished in position 3 in the 2010-2011 Serie A?,-,-,Napoli,-
Which team finished in position 4 in the 2010-2011 Serie A?,-,-,Udinese,-
Which team finished in position 5 in the 2010-2011 Serie A?,-,-,Lazio,-
Which team finished in position 6 in the 2010-2011 Serie A?,-,-,Roma,-
Which team finished in position 7 in the 2010-2011 Serie A?,-,-,Juventus,-
Which team finished in position 8 in the 2010-2011 Serie A?,-,-,Palermo,-
Which team finished in position 9 in the 2010-2011 Serie A?,-,-,Fiorentina,-
Which team finished in position 10 in the 2010-2011 Serie A?,-,-,Genoa,-
Which team finished in position 11 in the 2010-2011 Serie A?,-,-,Chievo,-
Which team finished in position 12 in the 2010-2011 Serie A?,-,-,Parma,-
Which team finished in position 13 in the 2010-2011 Serie A?,-,-,Catania,-
Which team finished in position 14 in the 2010-2011 Serie A?,-,-,Cagliari,-
Which team finished in position 15 in the 2010-2011 Serie A?,-,-,Cesena,-
Which team finished in position 16 in the 2010-2011 Serie A?,-,-,Bologna,-
Which team finished in position 17 in the 2010-2011 Serie A?,-,-,Lecce,-
Which team finished in position 18 in the 2010-2011 Serie A?,-,-,Sampdoria,-
Which team finished in position 19 in the 2010-2011 Serie A?,-,-,Brescia,-
Which team finished in position 20 in the 2010-2011 Serie A?,-,-,Bari,-
Which team finished in position 1 in the 2011-2012 Serie A?,-,-,Juventus,-
Which team finished in position 2 in the 2011-2012 Serie A?,-,-,Milan,-
Which team finished in position 3 in the 2011-2012 Serie A?,-,-,Udinese,-
Which team finished in position 4 in the 2011-2012 Serie A?,-,-,Lazio,-
Which team finished in position 5 in the 2011-2012 Serie A?,-,-,Napoli,-
Which team finished in position 6 in the 2011-2012 Serie A?,-,-,Inter,-
Which team finished in position 7 in the 2011-2012 Serie A?,-,-,Roma,-
Which team finished in position 8 in the 2011-2012 Serie A?,-,-,Parma,-
Which team finished in position 9 in the 2011-2012 Serie A?,-,-,Bologna,-
Which team finished in position 10 in the 2011-2012 Serie A?,-,-,Chievo,-
Which team finished in position 11 in the 2011-2012 Serie A?,-,-,Catania,-
Which team finished in position 12 in the 2011-2012 Serie A?,-,-,Atalanta,-
Which team finished in position 13 in the 2011-2012 Serie A?,-,-,Fiorentina,-
Which team finished in position 14 in the 2011-2012 Serie A?,-,-,Siena,-
Which team finished in position 15 in the 2011-2012 Serie A?,-,-,Cagliari,-
Which team finished in position 16 in the 2011-2012 Serie A?,-,-,Palermo,-
Which team finished in position 17 in the 2011-2012 Serie A?,-,-,Genoa,-
Which team finished in position 18 in the 2011-2012 Serie A?,-,-,Lecce,-
Which team finished in position 19 in the 2011-2012 Serie A?,-,-,Novara,-
Which team finished in position 20 in the 2011-2012 Serie A?,-,-,Cesena,-
Which team finished in position 1 in the 2012-2013 Serie A?,-,-,Juventus,-
Which team finished in position 2 in the 2012-2013 Serie A?,-,-,Napoli,-
Which team finished in position 3 in the 2012-2013 Serie A?,-,-,Milan,-
Which team finished in position 4 in the 2012-2013 Serie A?,-,-,Fiorentina,-
Which team finished in position 5 in the 2012-2013 Serie A?,-,-,Udinese,-
Which team finished in position 6 in the 2012-2013 Serie A?,-,-,Roma,-
Which team finished in position 7 in the 2012-2013 Serie A?,-,-,Lazio,-
Which team finished in position 8 in the 2012-2013 Serie A?,-,-,Catania,-
Which team finished in position 9 in the 2012-2013 Serie A?,-,-,Inter,-
Which team finished in position 10 in the 2012-2013 Serie A?,-,-,Parma,-
Which team finished in position 11 in the 2012-2013 Serie A?,-,-,Cagliari,-
Which team finished in position 12 in the 2012-2013 Serie A?,-,-,Chievo,-
Which team finished in position 13 in the 2012-2013 Serie A?,-,-,Bologna,-
Which team finished in position 14 in the 2012-2013 Serie A?,-,-,Sampdoria,-
Which team finished in position 15 in the 2012-2013 Serie A?,-,-,Atalanta,-
Which team finished in position 16 in the 2012-2013 Serie A?,-,-,Torino,-
Which team finished in position 17 in the 2012-2013 Serie A?,-,-,Genoa,-
Which team finished in position 18 in the 2012-2013 Serie A?,-,-,Palermo,-
Which team finished in position 19 in the 2012-2013 Serie A?,-,-,Siena,-
Which team finished in position 20 in the 2012-2013 Serie A?,-,-,Pescara,-
Which team finished in position 1 in the 2013-2014 Serie A?,-,-,Juventus,-
Which team finished in position 2 in the 2013-2014 Serie A?,-,-,Roma,-
Which team finished in position 3 in the 2013-2014 Serie A?,-,-,Napoli,-
Which team finished in position 4 in the 2013-2014 Serie A?,-,-,Fiorentina,-
Which team finished in position 5 in the 2013-2014 Serie A?,-,-,Inter,-
Which team finished in position 6 in the 2013-2014 Serie A?,-,-,Parma,-
Which team finished in position 7 in the 2013-2014 Serie A?,-,-,Torino,-
Which team finished in position 8 in the 2013-2014 Serie A?,-,-,Milan,-
Which team finished in position 9 in the 2013-2014 Serie A?,-,-,Lazio,-
Which team finished in position 10 in the 2013-2014 Serie A?,-,-,Hellas Verona,-
Which team finished in position 11 in the 2013-2014 Serie A?,-,-,Atalanta,-
Which team finished in position 12 in the 2013-2014 Serie A?,-,-,Sampdoria,-
Which team finished in position 13 in the 2013-2014 Serie A?,-,-,Udinese,-
Which team finished in position 14 in the 2013-2014 Serie A?,-,-,Genoa,-
Which team finished in position 15 in the 2013-2014 Serie A?,-,-,Cagliari,-
Which team finished in position 16 in the 2013-2014 Serie A?,-,-,Chievo,-
Which team finished in position 17 in the 2013-2014 Serie A?,-,-,Sassuolo,-
Which team finished in position 18 in the 2013-2014 Serie A?,-,-,Catania,-
Which team finished in position 19 in the 2013-2014 Serie A?,-,-,Bologna,-
Which team finished in position 20 in the 2013-2014 Serie A?,-,-,Livorno,-
Which team finished in position 1 in the 2014-2015 Serie A?,-,-,Juventus,-
Which team finished in position 2 in the 2014-2015 Serie A?,-,-,Roma,-
Which team finished in position 3 in the 2014-2015 Serie A?,-,-,Lazio,-
Which team finished in position 4 in the 2014-2015 Serie A?,-,-,Fiorentina,-
Which team finished in position 5 in the 2014-2015 Serie A?,-,-,Napoli,-
Which team finished in position 6 in the 2014-2015 Serie A?,-,-,Genoa,-
Which team finished in position 7 in the 2014-2015 Serie A?,-,-,Sampdoria,-
Which team finished in position 8 in the 2014-2015 Serie A?,-,-,Inter,-
Which team finished in position 9 in the 2014-2015 Serie A?,-,-,Torino,-
Which team finished in position 10 in the 2014-2015 Serie A?,-,-,Milan,-
Which team finished in position 11 in the 2014-2015 Serie A?,-,-,Palermo,-
Which team finished in position 12 in the 2014-2015 Serie A?,-,-,Sassuolo,-
Which team finished in position 13 in the 2014-2015 Serie A?,-,-,Hellas Verona,-
Which team finished in position 14 in the 2014-2015 Serie A?,-,-,Chievo,-
Which team finished in position 15 in the 2014-2015 Serie A?,-,-,Empoli,-
Which team finished in position 16 in the 2014-2015 Serie A?,-,-,Udinese,-
Which team finished in position 17 in the 2014-2015 Serie A?,-,-,Atalanta,-
Which team finished in position 18 in the 2014-2015 Serie A?,-,-,Cagliari,-
Which team finished in position 19 in the 2014-2015 Serie A?,-,-,Cesena,-
Which team finished in position 20 in the 2014-2015 Serie A?,-,-,Parma,-
Which team finished in position 1 in the 2015-2016 Serie A?,-,-,Juventus,-
Which team finished in position 2 in the 2015-2016 Serie A?,-,-,Napoli,-
Which team finished in position 3 in the 2015-2016 Serie A?,-,-,Roma,-
Which team finished in position 4 in the 2015-2016 Serie A?,-,-,Inter,-
Which team finished in position 5 in the 2015-2016 Serie A?,-,-,Fiorentina,-
Which team finished in position 6 in the 2015-2016 Serie A?,-,-,Sassuolo,-
Which team finished in position 7 in the 2015-2016 Serie A?,-,-,Milan,-
Which team finished in position 8 in the 2015-2016 Serie A?,-,-,Lazio,-
Which team finished in position 9 in the 2015-2016 Serie A?,-,-,Chievo,-
Which team finished in position 10 in the 2015-2016 Serie A?,-,-,Empoli,-
Which team finished in position 11 in the 2015-2016 Serie A?,-,-,Genoa,-
Which team finished in position 12 in the 2015-2016 Serie A?,-,-,Torino,-
Which team finished in position 13 in the 2015-2016 Serie A?,-,-,Atalanta,-
Which team finished in position 14 in the 2015-2016 Serie A?,-,-,Bologna,-
Which team finished in position 15 in the 2015-2016 Serie A?,-,-,Sampdoria,-
Which team finished in position 16 in the 2015-2016 Serie A?,-,-,Palermo,-
Which team finished in position 17 in the 2015-2016 Serie A?,-,-,Udinese,-
Which team finished in position 18 in the 2015-2016 Serie A?,-,-,Carpi,-
Which team finished in position 19 in the 2015-2016 Serie A?,-,-,Frosinone,-
Which team finished in position 20 in the 2015-2016 Serie A?,-,-,Hellas Verona,-
Which team finished in position 1 in the 2016-2017 Serie A?,-,-,Juventus,-
Which team finished in position 2 in the 2016-2017 Serie A?,-,-,Roma,-
Which team finished in position 3 in the 2016-2017 Serie A?,-,-,Napoli,-
Which team finished in position 4 in the 2016-2017 Serie A?,-,-,Atalanta,-
Which team finished in position 5 in the 2016-2017 Serie A?,-,-,Lazio,-
Which team finished in position 6 in the 2016-2017 Serie A?,-,-,Milan,-
Which team finished in position 7 in the 2016-2017 Serie A?,-,-,Inter,-
Which team finished in position 8 in the 2016-2017 Serie A?,-,-,Fiorentina,-
Which team finished in position 9 in the 2016-2017 Serie A?,-,-,Torino,-
Which team finished in position 10 in the 2016-2017 Serie A?,-,-,Sampdoria,-
Which team finished in position 11 in the 2016-2017 Serie A?,-,-,Cagliari,-
Which team finished in position 12 in the 2016-2017 Serie A?,-,-,Sassuolo,-
Which team finished in position 13 in the 2016-2017 Serie A?,-,-,Udinese,-
Which team finished in position 14 in the 2016-2017 Serie A?,-,-,Chievo,-
Which team finished in position 15 in the 2016-2017 Serie A?,-,-,Bologna,-
Which team finished in position 16 in the 2016-2017 Serie A?,-,-,Genoa,-
Which team finished in position 17 in the 2016-2017 Serie A?,-,-,Crotone,-
Which team finished in position 18 in the 2016-2017 Serie A?,-,-,Empoli,-
Which team finished in position 19 in the 2016-2017 Serie A?,-,-,Palermo,-
Which team finished in position 20 in the 2016-2017 Serie A?,-,-,Pescara,-
Which team finished in position 1 in the 2017-2018 Serie A?,-,-,Juventus,-
Which team finished in position 2 in the 2017-2018 Serie A?,-,-,Napoli,-
Which team finished in position 3 in the 2017-2018 Serie A?,-,-,Roma,-
Which team finished in position 4 in the 2017-2018 Serie A?,-,-,Inter,-
Which team finished in position 5 in the 2017-2018 Serie A?,-,-,Lazio,-
Which team finished in position 6 in the 2017-2018 Serie A?,-,-,Milan,-
Which team finished in position 7 in the 2017-2018 Serie A?,-,-,Atalanta,-
Which team finished in position 8 in the 2017-2018 Serie A?,-,-,Fiorentina,-
Which team finished in position 9 in the 2017-2018 Serie A?,-,-,Torino,-
Which team finished in position 10 in the 2017-2018 Serie A?,-,-,Sampdoria,-
Which team finished in position 11 in the 2017-2018 Serie A?,-,-,Sassuolo,-
Which team finished in position 12 in the 2017-2018 Serie A?,-,-,Genoa,-
Which team finished in position 13 in the 2017-2018 Serie A?,-,-,Chievo,-
Which team finished in position 14 in the 2017-2018 Serie A?,-,-,Udinese,-
Which team finished in position 15 in the 2017-2018 Serie A?,-,-,Bologna,-
Which team finished in position 16 in the 2017-2018 Serie A?,-,-,Cagliari,-
Which team finished in position 17 in the 2017-2018 Serie A?,-,-,SPAL,-
Which team finished in position 18 in the 2017-2018 Serie A?,-,-,Crotone,-
Which team finished in position 19 in the 2017-2018 Serie A?,-,-,Hellas Verona,-
Which team finished in position 20 in the 2017-2018 Serie A?,-,-,Benevento,-
Which team finished in position 1 in the 2018-2019 Serie A?,-,-,Juventus,-
Which team finished in position 2 in the 2018-2019 Serie A?,-,-,Napoli,-
Which team finished in position 3 in the 2018-2019 Serie A?,-,-,Atalanta,-
Which team finished in position 4 in the 2018-2019 Serie A?,-,-,Inter,-
Which team finished in position 5 in the 2018-2019 Serie A?,-,-,Milan,-
Which team finished in position 6 in the 2018-2019 Serie A?,-,-,Roma,-
Which team finished in position 7 in the 2018-2019 Serie A?,-,-,Torino,-
Which team finished in position 8 in the 2018-2019 Serie A?,-,-,Lazio,-
Which team finished in position 9 in the 2018-2019 Serie A?,-,-,Sampdoria,-
Which team finished in position 10 in the 2018-2019 Serie A?,-,-,Bologna,-
Which team finished in position 11 in the 2018-2019 Serie A?,-,-,Sassuolo,-
Which team finished in position 12 in the 2018-2019 Serie A?,-,-,Udinese,-
Which team finished in position 13 in the 2018-2019 Serie A?,-,-,SPAL,-
Which team finished in position 14 in the 2018-2019 Serie A?,-,-,Parma,-
Which team finished in position 15 in the 2018-2019 Serie A?,-,-,Cagliari,-
Which team finished in position 16 in the 2018-2019 Serie A?,-,-,Fiorentina,-
Which team finished in position 17 in the 2018-2019 Serie A?,-,-,Genoa,-
Which team finished in position 18 in the 2018-2019 Serie A?,-,-,Empoli,-
Which team finished in position 19 in the 2018-2019 Serie A?,-,-,Frosinone,-
Which team finished in position 20 in the 2018-2019 Serie A?,-,-,Chievo,-
Which team finished in position 1 in the 2019-2020 Serie A?,-,-,Juventus,-
Which team finished in position 2 in the 2019-2020 Serie A?,-,-,Inter,-
Which team finished in position 3 in the 2019-2020 Serie A?,-,-,Atalanta,-
Which team finished in position 4 in the 2019-2020 Serie A?,-,-,Lazio,-
Which team finished in position 5 in the 2019-2020 Serie A?,-,-,Roma,-
Which team finished in position 6 in the 2019-2020 Serie A?,-,-,Milan,-
Which team finished in position 7 in the 2019-2020 Serie A?,-,-,Napoli,-
Which team finished in position 8 in the 2019-2020 Serie A?,-,-,Sassuolo,-
Which team finished in position 9 in the 2019-2020 Serie A?,-,-,Hellas Verona,-
Which team finished in position 10 in the 2019-2020 Serie A?,-,-,Fiorentina,-
Which team finished in position 11 in the 2019-2020 Serie A?,-,-,Parma,-
Which team finished in position 12 in the 2019-2020 Serie A?,-,-,Bologna,-
Which team finished in position 13 in the 2019-2020 Serie A?,-,-,Udinese,-
Which team finished in position 14 in the 2019-2020 Serie A?,-,-,Cagliari,-
Which team finished in position 15 in the 2019-2020 Serie A?,-,-,Sampdoria,-
Which team finished in position 16 in the 2019-2020 Serie A?,-,-,Torino,-
Which team finished in position 17 in the 2019-2020 Serie A?,-,-,Genoa,-
Which team finished in position 18 in the 2019-2020 Serie A?,-,-,Lecce,-
Which team finished in position 19 in the 2019-2020 Serie A?,-,-,Brescia,-
Which team finished in position 20 in the 2019-2020 Serie A?,-,-,SPAL,-
Which team finished in position 1 in the 2020-2021 Serie A?,-,-,Inter,-
Which team finished in position 2 in the 2020-2021 Serie A?,-,-,Milan,-
Which team finished in position 3 in the 2020-2021 Serie A?,-,-,Atalanta,-
Which team finished in position 4 in the 2020-2021 Serie A?,-,-,Juventus,-
Which team finished in position 5 in the 2020-2021 Serie A?,-,-,Napoli,-
Which team finished in position 6 in the 2020-2021 Serie A?,-,-,Lazio,-
Which team finished in position 7 in the 2020-2021 Serie A?,-,-,Roma,-
Which team finished in position 8 in the 2020-2021 Serie A?,-,-,Sassuolo,-
Which team finished in position 9 in the 2020-2021 Serie A?,-,-,Sampdoria,-
Which team finished in position 10 in the 2020-2021 Serie A?,-,-,Hellas Verona,-
Which team finished in position 11 in the 2020-2021 Serie A?,-,-,Genoa,-
Which team finished in position 12 in the 2020-2021 Serie A?,-,-,Bologna,-
Which team finished in position 13 in the 2020-2021 Serie A?,-,-,Fiorentina,-
Which team finished in position 14 in the 2020-2021 Serie A?,-,-,Udinese,-
Which team finished in position 15 in the 2020-2021 Serie A?,-,-,Spezia,-
Which team finished in position 16 in the 2020-2021 Serie A?,-,-,Cagliari,-
Which team finished in position 17 in the 2020-2021 Serie A?,-,-,Torino,-
Which team finished in position 18 in the 2020-2021 Serie A?,-,-,Benevento,-
Which team finished in position 19 in the 2020-2021 Serie A?,-,-,Crotone,-
Which team finished in position 20 in the 2020-2021 Serie A?,-,-,Parma,-
Which team finished in position 1 in the 2010-2011 La Liga?,-,-,Barcelona,-
Which team finished in position 2 in the 2010-2011 La Liga?,-,-,Real Madrid,-
Which team finished in position 3 in the 2010-2011 La Liga?,-,-,Valencia,-
Which team finished in position 4 in the 2010-2011 La Liga?,-,-,Villarreal,-
Which team finished in position 5 in the 2010-2011 La Liga?,-,-,Sevilla,-
Which team finished in position 6 in the 2010-2011 La Liga?,-,-,Athletic Club,-
Which team finished in position 7 in the 2010-2011 La Liga?,-,-,Atlético Madrid,-
Which team finished in position 8 in the 2010-2011 La Liga?,-,-,Espanyol,-
Which team finished in position 9 in the 2010-2011 La Liga?,-,-,Osasuna,-
Which team finished in position 10 in the 2010-2011 La Liga?,-,-,Sporting Gijón,-
Which team finished in position 11 in the 2010-2011 La Liga?,-,-,Málaga,-
Which team finished in position 12 in the 2010-2011 La Liga?,-,-,Racing Sant,-
Which team finished in position 13 in the 2010-2011 La Liga?,-,-,Zaragoza,-
Which team finished in position 14 in the 2010-2011 La Liga?,-,-,Levante,-
Which team finished in position 15 in the 2010-2011 La Liga?,-,-,Real Sociedad,-
Which team finished in position 16 in the 2010-2011 La Liga?,-,-,Getafe,-
Which team finished in position 17 in the 2010-2011 La Liga?,-,-,Mallorca,-
Which team finished in position 18 in the 2010-2011 La Liga?,-,-,La Coruña,-
Which team finished in position 19 in the 2010-2011 La Liga?,-,-,Hércules,-
Which team finished in position 20 in the 2010-2011 La Liga?,-,-,Almería,-
Which team finished in position 1 in the 2011-2012 La Liga?,-,-,Real Madrid,-
Which team finished in position 2 in the 2011-2012 La Liga?,-,-,Barcelona,-
Which team finished in position 3 in the 2011-2012 La Liga?,-,-,Valencia,-
Which team finished in position 4 in the 2011-2012 La Liga?,-,-,Málaga,-
Which team finished in position 5 in the 2011-2012 La Liga?,-,-,Atlético Madrid,-
Which team finished in position 6 in the 2011-2012 La Liga?,-,-,Levante,-
Which team finished in position 7 in the 2011-2012 La Liga?,-,-,Osasuna,-
Which team finished in position 8 in the 2011-2012 La Liga?,-,-,Mallorca,-
Which team finished in position 9 in the 2011-2012 La Liga?,-,-,Sevilla,-
Which team finished in position 10 in the 2011-2012 La Liga?,-,-,Athletic Club,-
Which team finished in position 11 in the 2011-2012 La Liga?,-,-,Getafe,-
Which team finished in position 12 in the 2011-2012 La Liga?,-,-,Real Sociedad,-
Which team finished in position 13 in the 2011-2012 La Liga?,-,-,Betis,-
Which team finished in position 14 in the 2011-2012 La Liga?,-,-,Espanyol,-
Which team finished in position 15 in the 2011-2012 La Liga?,-,-,Rayo Vallecano,-
Which team finished in position 16 in the 2011-2012 La Liga?,-,-,Zaragoza,-
Which team finished in position 17 in the 2011-2012 La Liga?,-,-,Granada,-
Which team finished in position 18 in the 2011-2012 La Liga?,-,-,Villarreal,-
Which team finished in position 19 in the 2011-2012 La Liga?,-,-,Sporting Gijón,-
Which team finished in position 20 in the 2011-2012 La Liga?,-,-,Racing Sant,-
Which team finished in position 1 in the 2012-2013 La Liga?,-,-,Barcelona,-
Which team finished in position 2 in the 2012-2013 La Liga?,-,-,Real Madrid,-
Which team finished in position 3 in the 2012-2013 La Liga?,-,-,Atlético Madrid,-
Which team finished in position 4 in the 2012-2013 La Liga?,-,-,Real Sociedad,-
Which team finished in position 5 in the 2012-2013 La Liga?,-,-,Valencia,-
Which team finished in position 6 in the 2012-2013 La Liga?,-,-,Málaga,-
Which team finished in position 7 in the 2012-2013 La Liga?,-,-,Betis,-
Which team finished in position 8 in the 2012-2013 La Liga?,-,-,Rayo Vallecano,-
Which team finished in position 9 in the 2012-2013 La Liga?,-,-,Sevilla,-
Which team finished in position 10 in the 2012-2013 La Liga?,-,-,Getafe,-
Which team finished in position 11 in the 2012-2013 La Liga?,-,-,Levante,-
Which team finished in position 12 in the 2012-2013 La Liga?,-,-,Athletic Club,-
Which team finished in position 13 in the 2012-2013 La Liga?,-,-,Espanyol,-
Which team finished in position 14 in the 2012-2013 La Liga?,-,-,Valladolid,-
Which team finished in position 15 in the 2012-2013 La Liga?,-,-,Granada,-
Which team finished in position 16 in the 2012-2013 La Liga?,-,-,Osasuna,-
Which team finished in position 17 in the 2012-2013 La Liga?,-,-,Celta Vigo,-
Which team finished in position 18 in the 2012-2013 La Liga?,-,-,Mallorca,-
Which team finished in position 19 in the 2012-2013 La Liga?,-,-,La Coruña,-
Which team finished in position 20 in the 2012-2013 La Liga?,-,-,Zaragoza,-
Which team finished in position 1 in the 2013-2014 La Liga?,-,-,Atlético Madrid,-
Which team finished in position 2 in the 2013-2014 La Liga?,-,-,Barcelona,-
Which team finished in position 3 in the 2013-2014 La Liga?,-,-,Real Madrid,-
Which team finished in position 4 in the 2013-2014 La Liga?,-,-,Athletic Club,-
Which team finished in position 5 in the 2013-2014 La Liga?,-,-,Sevilla,-
Which team finished in position 6 in the 2013-2014 La Liga?,-,-,Villarreal,-
Which team finished in position 7 in the 2013-2014 La Liga?,-,-,Real Sociedad,-
Which team finished in position 8 in the 2013-2014 La Liga?,-,-,Valencia,-
Which team finished in position 9 in the 2013-2014 La Liga?,-,-,Celta Vigo,-
Which team finished in position 10 in the 2013-2014 La Liga?,-,-,Levante,-
Which team finished in position 11 in the 2013-2014 La Liga?,-,-,Málaga,-
Which team finished in position 12 in the 2013-2014 La Liga?,-,-,Rayo Vallecano,-
Which team finished in position 13 in the 2013-2014 La Liga?,-,-,Getafe,-
Which team finished in position 14 in the 2013-2014 La Liga?,-,-,Espanyol,-
Which team finished in position 15 in the 2013-2014 La Liga?,-,-,Granada,-
Which team finished in position 16 in the 2013-2014 La Liga?,-,-,Elche,-
Which team finished in position 17 in the 2013-2014 La Liga?,-,-,Almería,-
Which team finished in position 18 in the 2013-2014 La Liga?,-,-,Osasuna,-
Which team finished in position 19 in the 2013-2014 La Liga?,-,-,Valladolid,-
Which team finished in position 20 in the 2013-2014 La Liga?,-,-,Betis,-
Which team finished in position 1 in the 2014-2015 La Liga?,-,-,Barcelona,-
Which team finished in position 2 in the 2014-2015 La Liga?,-,-,Real Madrid,-
Which team finished in position 3 in the 2014-2015 La Liga?,-,-,Atlético Madrid,-
Which team finished in position 4 in the 2014-2015 La Liga?,-,-,Valencia,-
Which team finished in position 5 in the 2014-2015 La Liga?,-,-,Sevilla,-
Which team finished in position 6 in the 2014-2015 La Liga?,-,-,Villarreal,-
Which team finished in position 7 in the 2014-2015 La Liga?,-,-,Athletic Club,-
Which team finished in position 8 in the 2014-2015 La Liga?,-,-,Celta Vigo,-
Which team finished in position 9 in the 2014-2015 La Liga?,-,-,Málaga,-
Which team finished in position 10 in the 2014-2015 La Liga?,-,-,Espanyol,-
Which team finished in position 11 in the 2014-2015 La Liga?,-,-,Rayo Vallecano,-
Which team finished in position 12 in the 2014-2015 La Liga?,-,-,Real Sociedad,-
Which team finished in position 13 in the 2014-2015 La Liga?,-,-,Elche,-
Which team finished in position 14 in the 2014-2015 La Liga?,-,-,Levante,-
Which team finished in position 15 in the 2014-2015 La Liga?,-,-,Getafe,-
Which team finished in position 16 in the 2014-2015 La Liga?,-,-,La Coruña,-
Which team finished in position 17 in the 2014-2015 La Liga?,-,-,Granada,-
Which team finished in position 18 in the 2014-2015 La Liga?,-,-,Eibar,-
Which team finished in position 19 in the 2014-2015 La Liga?,-,-,Almería,-
Which team finished in position 20 in the 2014-2015 La Liga?,-,-,Córdoba,-
Which team finished in position 1 in the 2015-2016 La Liga?,-,-,Barcelona,-
Which team finished in position 2 in the 2015-2016 La Liga?,-,-,Real Madrid,-
Which team finished in position 3 in the 2015-2016 La Liga?,-,-,Atlético Madrid,-
Which team finished in position 4 in the 2015-2016 La Liga?,-,-,Villarreal,-
Which team finished in position 5 in the 2015-2016 La Liga?,-,-,Athletic Club,-
Which team finished in position 6 in the 2015-2016 La Liga?,-,-,Celta Vigo,-
Which team finished in position 7 in the 2015-2016 La Liga?,-,-,Sevilla,-
Which team finished in position 8 in the 2015-2016 La Liga?,-,-,Málaga,-
Which team finished in position 9 in the 2015-2016 La Liga?,-,-,Real Sociedad,-
Which team finished in position 10 in the 2015-2016 La Liga?,-,-,Betis,-
Which team finished in position 11 in the 2015-2016 La Liga?,-,-,Las Palmas,-
Which team finished in position 12 in the 2015-2016 La Liga?,-,-,Valencia,-
Which team finished in position 13 in the 2015-2016 La Liga?,-,-,Espanyol,-
Which team finished in position 14 in the 2015-2016 La Liga?,-,-,Eibar,-
Which team finished in position 15 in the 2015-2016 La Liga?,-,-,La Coruña,-
Which team finished in position 16 in the 2015-2016 La Liga?,-,-,Granada,-
Which team finished in position 17 in the 2015-2016 La Liga?,-,-,Sporting Gijón,-
Which team finished in position 18 in the 2015-2016 La Liga?,-,-,Rayo Vallecano,-
Which team finished in position 19 in the 2015-2016 La Liga?,-,-,Getafe,-
Which team finished in position 20 in the 2015-2016 La Liga?,-,-,Levante,-
Which team finished in position 1 in the 2016-2017 La Liga?,-,-,Real Madrid,-
Which team finished in position 2 in the 2016-2017 La Liga?,-,-,Barcelona,-
Which team finished in position 3 in the 2016-2017 La Liga?,-,-,Atlético Madrid,-
Which team finished in position 4 in the 2016-2017 La Liga?,-,-,Sevilla,-
Which team finished in position 5 in the 2016-2017 La Liga?,-,-,Villarreal,-
Which team finished in position 6 in the 2016-2017 La Liga?,-,-,Real Sociedad,-
Which team finished in position 7 in the 2016-2017 La Liga?,-,-,Athletic Club,-
Which team finished in position 8 in the 2016-2017 La Liga?,-,-,Espanyol,-
Which team finished in position 9 in the 2016-2017 La Liga?,-,-,Alavés,-
Which team finished in position 10 in the 2016-2017 La Liga?,-,-,Eibar,-
Which team finished in position 11 in the 2016-2017 La Liga?,-,-,Málaga,-
Which team finished in position 12 in the 2016-2017 La Liga?,-,-,Valencia,-
Which team finished in position 13 in the 2016-2017 La Liga?,-,-,Celta Vigo,-
Which team finished in position 14 in the 2016-2017 La Liga?,-,-,Las Palmas,-
Which team finished in position 15 in the 2016-2017 La Liga?,-,-,Betis,-
Which team finished in position 16 in the 2016-2017 La Liga?,-,-,La Coruña,-
Which team finished in position 17 in the 2016-2017 La Liga?,-,-,Leganés,-
Which team finished in position 18 in the 2016-2017 La Liga?,-,-,Sporting Gijón,-
Which team finished in position 19 in the 2016-2017 La Liga?,-,-,Osasuna,-
Which team finished in position 20 in the 2016-2017 La Liga?,-,-,Granada,-
Which team finished in position 1 in the 2017-2018 La Liga?,-,-,Barcelona,-
Which team finished in position 2 in the 2017-2018 La Liga?,-,-,Atlético Madrid,-
Which team finished in position 3 in the 2017-2018 La Liga?,-,-,Real Madrid,-
Which team finished in position 4 in the 2017-2018 La Liga?,-,-,Valencia,-
Which team finished in position 5 in the 2017-2018 La Liga?,-,-,Villarreal,-
Which team finished in position 6 in the 2017-2018 La Liga?,-,-,Betis,-
Which team finished in position 7 in the 2017-2018 La Liga?,-,-,Sevilla,-
Which team finished in position 8 in the 2017-2018 La Liga?,-,-,Getafe,-
Which team finished in position 9 in the 2017-2018 La Liga?,-,-,Eibar,-
Which team finished in position 10 in the 2017-2018 La Liga?,-,-,Girona,-
Which team finished in position 11 in the 2017-2018 La Liga?,-,-,Espanyol,-
Which team finished in position 12 in the 2017-2018 La Liga?,-,-,Real Sociedad,-
Which team finished in position 13 in the 2017-2018 La Liga?,-,-,Celta Vigo,-
Which team finished in position 14 in the 2017-2018 La Liga?,-,-,Alavés,-
Which team finished in position 15 in the 2017-2018 La Liga?,-,-,Levante,-
Which team finished in position 16 in the 2017-2018 La Liga?,-,-,Athletic Club,-
Which team finished in position 17 in the 2017-2018 La Liga?,-,-,Leganés,-
Which team finished in position 18 in the 2017-2018 La Liga?,-,-,La Coruña,-
Which team finished in position 19 in the 2017-2018 La Liga?,-,-,Las Palmas,-
Which team finished in position 20 in the 2017-2018 La Liga?,-,-,Málaga,-
Which team finished in position 1 in the 2018-2019 La Liga?,-,-,Barcelona,-
Which team finished in position 2 in the 2018-2019 La Liga?,-,-,Atlético Madrid,-
Which team finished in position 3 in the 2018-2019 La Liga?,-,-,Real Madrid,-
Which team finished in position 4 in the 2018-2019 La Liga?,-,-,Valencia,-
Which team finished in position 5 in the 2018-2019 La Liga?,-,-,Getafe,-
Which team finished in position 6 in the 2018-2019 La Liga?,-,-,Sevilla,-
Which team finished in position 7 in the 2018-2019 La Liga?,-,-,Espanyol,-
Which team finished in position 8 in the 2018-2019 La Liga?,-,-,Athletic Club,-
Which team finished in position 9 in the 2018-2019 La Liga?,-,-,Real Sociedad,-
Which team finished in position 10 in the 2018-2019 La Liga?,-,-,Betis,-
Which team finished in position 11 in the 2018-2019 La Liga?,-,-,Alavés,-
Which team finished in position 12 in the 2018-2019 La Liga?,-,-,Eibar,-
Which team finished in position 13 in the 2018-2019 La Liga?,-,-,Leganés,-
Which team finished in position 14 in the 2018-2019 La Liga?,-,-,Villarreal,-
Which team finished in position 15 in the 2018-2019 La Liga?,-,-,Levante,-
Which team finished in position 16 in the 2018-2019 La Liga?,-,-,Valladolid,-
Which team finished in position 17 in the 2018-2019 La Liga?,-,-,Celta Vigo,-
Which team finished in position 18 in the 2018-2019 La Liga?,-,-,Girona,-
Which team finished in position 19 in the 2018-2019 La Liga?,-,-,Huesca,-
Which team finished in position 20 in the 2018-2019 La Liga?,-,-,Rayo Vallecano,-
Which team finished in position 1 in the 2019-2020 La Liga?,-,-,Real Madrid,-
Which team finished in position 2 in the 2019-2020 La Liga?,-,-,Barcelona,-
Which team finished in position 3 in the 2019-2020 La Liga?,-,-,Atlético Madrid,-
Which team finished in position 4 in the 2019-2020 La Liga?,-,-,Sevilla,-
Which team finished in position 5 in the 2019-2020 La Liga?,-,-,Villarreal,-
Which team finished in position 6 in the 2019-2020 La Liga?,-,-,Real Sociedad,-
Which team finished in position 7 in the 2019-2020 La Liga?,-,-,Granada,-
Which team finished in position 8 in the 2019-2020 La Liga?,-,-,Getafe,-
Which team finished in position 9 in the 2019-2020 La Liga?,-,-,Valencia,-
Which team finished in position 10 in the 2019-2020 La Liga?,-,-,Osasuna,-
Which team finished in position 11 in the 2019-2020 La Liga?,-,-,Athletic Club,-
Which team finished in position 12 in the 2019-2020 La Liga?,-,-,Levante,-
Which team finished in position 13 in the 2019-2020 La Liga?,-,-,Valladolid,-
Which team finished in position 14 in the 2019-2020 La Liga?,-,-,Eibar,-
Which team finished in position 15 in the 2019-2020 La Liga?,-,-,Betis,-
Which team finished in position 16 in the 2019-2020 La Liga?,-,-,Alavés,-
Which team finished in position 17 in the 2019-2020 La Liga?,-,-,Celta Vigo,-
Which team finished in position 18 in the 2019-2020 La Liga?,-,-,Leganés,-
Which team finished in position 19 in the 2019-2020 La Liga?,-,-,Mallorca,-
Which team finished in position 20 in the 2019-2020 La Liga?,-,-,Espanyol,-
Which team finished in position 1 in the 2020-2021 La Liga?,-,-,Atlético Madrid,-
Which team finished in position 2 in the 2020-2021 La Liga?,-,-,Real Madrid,-
Which team finished in position 3 in the 2020-2021 La Liga?,-,-,Barcelona,-
Which team finished in position 4 in the 2020-2021 La Liga?,-,-,Sevilla,-
Which team finished in position 5 in the 2020-2021 La Liga?,-,-,Real Sociedad,-
Which team finished in position 6 in the 2020-2021 La Liga?,-,-,Betis,-
Which team finished in position 7 in the 2020-2021 La Liga?,-,-,Villarreal,-
Which team finished in position 8 in the 2020-2021 La Liga?,-,-,Celta Vigo,-
Which team finished in position 9 in the 2020-2021 La Liga?,-,-,Granada,-
Which team finished in position 10 in the 2020-2021 La Liga?,-,-,Athletic Club,-
Which team finished in position 11 in the 2020-2021 La Liga?,-,-,Osasuna,-
Which team finished in position 12 in the 2020-2021 La Liga?,-,-,Cádiz,-
Which team finished in position 13 in the 2020-2021 La Liga?,-,-,Valencia,-
Which team finished in position 14 in the 2020-2021 La Liga?,-,-,Levante,-
Which team finished in position 15 in the 2020-2021 La Liga?,-,-,Getafe,-
Which team finished in position 16 in the 2020-2021 La Liga?,-,-,Alavés,-
Which team finished in position 17 in the 2020-2021 La Liga?,-,-,Elche,-
Which team finished in position 18 in the 2020-2021 La Liga?,-,-,Huesca,-
Which team finished in position 19 in the 2020-2021 La Liga?,-,-,Valladolid,-
Which team finished in position 20 in the 2020-2021 La Liga?,-,-,Eibar,-
